n,mean,increment,support_end,dominance_active_count,monotone_active_count,active_signature,signature_changed,tail_l1_move,solver_method,max_constraint_violation,d2_l1,d3_l1,d4_l1,d4_l2sq,tail_entropy,second_moment,third_moment
1,0.15,0.15,1,128,126,0641e25be0be00bce1c6,False,0.15,highs,0.0,0.85,0.7,0.5499999999999999,0.1824999999999999,0.422709087810504,0.15,0.15
2,0.2699999999999999,0.11999999999999991,1,128,126,0641e25be0be00bce1c6,False,0.11999999999999991,highs,0.0,0.7300000000000001,0.4600000000000002,0.34999999999999953,0.0792999999999999,0.5832588401331101,0.2699999999999999,0.2699999999999999
3,0.366,0.09600000000000009,1,128,126,0641e25be0be00bce1c6,False,0.09600000000000009,highs,0.0,0.634,0.46399999999999997,0.83,0.34925199999999995,0.6567924418485489,0.366,0.366
4,0.4428000000000001,0.07680000000000009,1,128,126,0641e25be0be00bce1c6,False,0.07680000000000009,highs,0.0,0.5571999999999999,0.7712000000000003,1.2140000000000004,0.7908212800000006,0.6865891520673132,0.4428000000000001,0.4428000000000001
5,0.5047111111111112,0.06191111111111114,2,128,125,e5e118bc41805453e385,True,0.061911111111111104,highs,0.0,0.510509401709402,1.0123213675213678,1.5134085470085472,1.2744165298502452,0.6990798618787615,0.5061606837606838,0.509059829059829
6,0.5597432098765434,0.055032098765432136,2,128,125,e5e118bc41805453e385,False,0.0550320987654322,highs,0.0,0.6310432025714079,1.1522372708013735,1.6637940536196947,1.5673179459301456,0.7424456269272104,0.5790177806998323,0.6175669223464102
7,0.6086606310013718,0.04891742112482844,2,128,125,e5e118bc41805453e385,False,0.048917421124828456,highs,4.163336342344337e-17,0.7127436063518474,1.230813608031405,1.7262359523805086,1.705621180096053,0.7864486077731402,0.6539559456622791,0.7445465749840937
8,0.6521427831123308,0.04348215211095896,2,128,125,e5e118bc41805453e385,False,0.04348215211095888,highs,0.0,0.7697103397722631,1.2724787152328105,1.7379034887804121,1.7435735125913439,0.8259609487425958,0.7268299869382223,0.8762043945900055
9,0.6909122910069762,0.038769507894645394,2,128,125,6cb81f1ab76b50a51747,True,0.03876950789464548,highs,0.0,0.8101560631571607,1.2910037062731228,1.719335187416331,1.720077202393842,0.8601937447845777,0.7959446149524834,1.0060092628434978
10,0.7304679700992335,0.03955567909225732,2,128,125,6cb81f1ab76b50a51747,False,0.03955567909225729,highs,0.0,0.8164454327380561,1.2469466207895743,1.6024561133291635,1.5054891005640414,0.9103541378456381,0.8804513611230913,1.1804181431708067
11,0.7691299313804957,0.0386619612812622,2,128,125,6cb81f1ab76b50a51747,False,0.038661961281262175,highs,0.0,0.8092956902500987,1.1799503385174837,1.450986166006591,1.2505005174566564,0.9587689484247903,0.9683675729370509,1.3668428560501615
12,0.8062736638962433,0.03714373251574765,2,128,125,6cb81f1ab76b50a51747,False,0.03714373251574769,highs,0.0,0.7971498601259779,1.1060866187720195,1.2906891511055107,1.0133748548765695,1.0008715080477875,1.0549421165213442,1.552279021771546
13,0.8417029400267078,0.03542927613046443,2,128,125,6cb81f1ab76b50a51747,False,0.035429276130464454,highs,0.0,0.7834342090437141,1.0317974602412945,1.1318257892315928,0.8125149718563308,1.0361892153915755,1.1383727844412717,1.7317124732703992
14,0.8753936004643816,0.03369066043767388,2,128,125,6cb81f1ab76b50a51747,False,0.03369066043767385,highs,0.0,0.7695252835013909,0.9595944696523694,0.9783325522249969,0.6510645970862164,1.0653733413893414,1.2180558076210835,1.9033802219344866
15,0.9081528759873574,0.03275927552297575,3,128,124,055bfc8298b95459f2fb,True,0.032759275522975806,highs,2.7755575615628914e-17,0.7573276947259991,0.8953620757148418,0.9448471140479415,0.5346871444937875,1.0967843013134435,1.2979586329444228,2.083898826135631
16,0.9403799852675437,0.03222710928018635,3,128,124,055bfc8298b95459f2fb,False,0.03222710928018636,highs,1.3877787807814457e-16,0.7464636560058951,0.838868367738811,0.9420200067606949,0.45158680746011987,1.1298603046404483,1.379939959788512,2.279823025835322
17,0.9718931350648485,0.031513149797304796,3,128,124,055bfc8298b95459f2fb,False,0.03151314979730471,highs,0.0,0.735686320279586,0.7864488209118314,0.934026858557742,0.38845565946860827,1.1620222410376166,1.4627194083832504,2.4847198964895214
18,1.0025859014159473,0.030692766351098744,3,128,124,055bfc8298b95459f2fb,False,0.03069276635109864,highs,5.551115123125783e-17,0.7248219276299005,0.7370378799305369,0.9221500934821253,0.33966205926389265,1.1924570354288844,1.5453897067988054,2.6944890919981255
19,1.0323900121358713,0.02980411071992406,3,128,124,055bfc8298b95459f2fb,False,0.02980411071992416,highs,5.551115123125783e-17,0.7139240883035728,0.707926858157062,0.9073987837825874,0.3019312865657847,1.2208155431729546,1.6272756384483846,2.9061624205110475
20,1.0612621328465823,0.02887212071071099,3,128,124,055bfc8298b95459f2fb,False,0.028872120710710946,highs,0.0,0.7030784014367474,0.7216119656237285,0.8905689038881839,0.27303397920091993,1.246960471819568,1.7078708801723639,3.117500264433745
21,1.0891772463133162,0.02791511346673392,3,128,124,055bfc8298b95459f2fb,False,0.027915113466734,highs,0.0,0.6923605467364808,0.7330383093012136,0.8722875830744963,0.251347545703225,1.2708728112802676,1.7867993242460423,3.326801196650079
22,1.1161243079805048,0.02694706166718852,3,128,124,055bfc8298b95459f2fb,False,0.02694706166718845,highs,5.551115123125783e-17,0.681829949938831,0.7426379958511944,0.8530475555297454,0.235648497747176,1.2926037834139141,1.863786992186389,3.5327812776084677
23,1.1421030090538804,0.025978701073375632,3,128,124,055bfc8298b95459f2fb,False,0.02597870107337557,highs,8.326672684688674e-17,0.6715311748233352,0.7507571935154467,0.8332344817543195,0.224989390902552,1.3122463005713365,1.9386402817575412,3.734485109525588
24,1.1671212554901989,0.025018246436318448,3,128,124,055bfc8298b95459f2fb,False,0.02501824643631853,highs,8.326672684688674e-17,0.6614965675949882,0.757673560642018,0.8131487371563608,0.21861861343711025,1.3299169570014662,2.0112287701473166,3.931216588976283
25,1.1913800083933193,0.024258752903120406,4,128,123,615dacbac7fff224c036,True,0.024258752903120195,highs,5.551115123125783e-17,0.6515017462491889,0.7650479311745294,0.7957616335093057,0.21838218685505933,1.3481740584461634,2.083007244049793,4.131423536501993
26,1.2149160949738276,0.023536086580508542,4,128,123,615dacbac7fff224c036,False,0.023536086580508486,highs,5.551115123125783e-17,0.6420969487829238,0.7715846122652348,0.779244138338594,0.2218952752991826,1.3656389653246046,2.1537577959156624,4.3329501715677585
27,1.2377580983669492,0.02284200339312159,4,128,123,615dacbac7fff224c036,False,0.02284200339312161,highs,5.551115123125783e-17,0.6331518558413103,0.7772090349206573,0.7632438801039784,0.22817306170580598,1.3823647744399092,2.2234557683077023,4.53508598578046
28,1.2599304478955395,0.022172349528590374,4,128,123,615dacbac7fff224c036,False,0.022172349528590332,highs,5.551115123125783e-17,0.6245849623148302,0.7819244045459212,0.7475798501765372,0.2364801865975406,1.398360718339467,2.292071865118071,4.737260384916443
29,1.281454998516701,0.021524550621161653,4,128,123,615dacbac7fff224c036,False,0.021524550621161563,highs,0.0,0.6163460426806606,0.7857691513153021,0.7321601992464,0.24624777330722583,1.4136452448956196,2.3595758516579646,4.938993551629931
30,1.3023519239803543,0.020896925463653293,4,128,123,615dacbac7fff224c036,False,0.020896925463653248,highs,5.551115123125783e-17,0.6084026239027532,0.7887985531125149,0.7169420008239303,0.2570290919175979,1.428241119382501,2.425939437690072,5.139873656552963
31,1.322640224777829,0.02028830079747479,4,128,123,615dacbac7fff224c036,False,0.020288300797474772,highs,0.0,0.6007323854054729,0.7910746469857672,0.727614697960883,0.2684703959603961,1.442172773323516,2.4911376704338597,5.3395426626593165
32,1.3423380197895027,0.01969779501167368,4,128,123,615dacbac7fff224c036,False,0.019697795011673618,highs,1.1102230246251565e-16,0.5933188848336246,0.7926607739548386,0.7634835533059935,0.2802907279989867,1.4554651146479716,2.5551495094357346,5.537687058858719
33,1.3614627163942927,0.019124696604789992,4,128,123,615dacbac7fff224c036,False,0.019124696604790055,highs,1.1102230246251565e-16,0.5861491502411627,0.7936187078631531,0.7964069484050356,0.29226725459295966,1.4681429808473854,2.6179579588870627,5.7340314591979675
34,1.3800311122080384,0.018568395813745697,4,128,123,615dacbac7fff224c036,False,0.018568395813745794,highs,5.551115123125783e-17,0.5792123199702631,0.7940072197535243,0.826609017216804,0.3042241735786601,1.4802308688291077,2.6795499668455274,5.92833390246866
35,1.3980602261788464,0.018029113970807975,5,128,122,c494a824e7539b058771,True,0.018029113970807708,highs,1.0842021724855044e-19,0.5860623060379017,0.7939206982431677,0.8544559315886952,0.31611285296053027,1.4918416381886885,2.7399515713517295,6.120733362641055
36,1.41557002563565,0.017509799456803643,5,128,122,c494a824e7539b058771,False,0.017509799456803966,highs,0.0,0.5974379725728611,0.7935728432718191,0.8807595805424167,0.3282065990302085,1.503241352048146,2.799307441456664,6.312508995154594
37,1.432580921479775,0.01701089584412485,5,128,122,c494a824e7539b058771,False,0.01701089584412474,highs,0.0,0.6081746822674009,0.7929929066023197,0.905470859154088,0.34035906067761545,1.5143349040523375,2.8576246679145387,6.503433398050249
38,1.4491128127930823,0.016531891313307456,5,128,122,c494a824e7539b058771,False,0.016531891313307505,highs,1.3877787807814457e-17,0.61829324834942,0.7921962606090752,0.928609726611007,0.35244711182215205,1.5251182580589637,2.9149217943029306,6.693364579522883
39,1.4651847552975084,0.016071942504426007,5,128,122,c494a824e7539b058771,False,0.016071942504425844,highs,0.0,0.6278190951152869,0.7911935105167096,0.9502249227932891,0.3643690873797506,1.5356020568635926,2.9712210354123982,6.882199113596316
40,1.4808148769739473,0.01563012167643918,5,128,122,c494a824e7539b058771,False,0.015630121676438898,highs,0.0,0.6367791005780123,0.7899939494648871,0.970376940146121,0.37604182196621966,1.5458008586407677,3.026545240976201,7.069852802108151
41,1.4960203882156453,0.015205511241698,5,128,122,c494a824e7539b058771,False,0.015205511241698087,highs,0.0,0.6452002381680118,0.7886067594579441,0.9891306381469148,0.38739789695215465,1.5557297663946625,3.0809167725731204,7.256252588197156
42,1.5108902686150965,0.01486988039945114,5,128,122,d11a625ee74a83eeb4b6,True,0.014869880399451129,highs,0.0,0.6526716425624036,0.7862353886165467,1.002972256865184,0.3957630251222126,1.5655783768364282,3.134720358009072,7.442878220611939
43,1.5259414041125707,0.0150511354974745,5,128,122,d11a625ee74a83eeb4b6,False,0.015051135497474232,highs,1.1102230246251565e-16,0.6564742020140104,0.7778000526111469,0.9899451711625752,0.38501832616807097,1.5764509565786171,3.190483445589829,7.639958993571325
44,1.5411133208136676,0.015171916701097077,5,128,122,d11a625ee74a83eeb4b6,False,0.015171916701096657,highs,0.0,0.6589905519591838,0.7674425600288901,0.9724364432289568,0.371545487911339,1.58785739039015,3.2478496480095043,7.843300031075014
45,1.5563567648200023,0.015243444006334927,5,128,122,d11a625ee74a83eeb4b6,False,0.015243444006334927,highs,3.469446951953614e-18,0.6604720826829295,0.7556350503266956,0.9515544087361735,0.3562817539898261,1.5996978952545071,3.3065214643490726,8.05229928029925
46,1.5716337270589618,0.01527696223895969,6,128,121,a05422d9074983a5b69e,True,0.015276962238959592,highs,5.551115123125783e-17,0.6610942330180347,0.7426592652021983,0.9277926394790814,0.3397054291836962,1.612042830531996,3.3663441516972763,8.267613183072239
47,1.5869133415346333,0.015279614475671499,6,128,121,a05422d9074983a5b69e,False,0.015279614475671457,highs,0.0,0.6610482204084991,0.7288742679400075,0.9021288444703128,0.32259781311900165,1.6246791770256335,3.4270968470582113,8.488381912883243
48,1.602169872381006,0.015256530846372796,6,128,121,a05422d9074983a5b69e,False,0.015256530846372685,highs,2.220446049250313e-16,0.6604743813389946,0.71455504350347,0.8752575592070718,0.30549007647441395,1.6374973999139357,3.4885856752710867,8.713817965671973
49,1.617381691810358,0.015211819429352236,6,128,121,a05422d9074983a5b69e,False,0.015211819429352205,highs,3.469446951953614e-18,0.6594778729360649,0.6999037909184062,0.8476588846363688,0.28872373685297753,1.6504144006374406,3.5506466816447073,8.943279296596002
50,1.6325306051708182,0.01514891336045987,6,128,121,a05422d9074983a5b69e,False,0.015148913360460056,highs,4.336808689942018e-19,0.6581405836234633,0.6850703726409587,0.8196771859868754,0.2725187087276479,1.6633644563029195,3.6131404371181204,9.176223953345566
51,1.6476013302612056,0.015070725090387427,6,128,121,a05422d9074983a5b69e,False,0.015070725090387621,highs,0.0,0.6565275321288975,0.6701664064795668,0.7915634904492052,0.2570130182490725,1.676294728969533,3.6759479493793714,9.412186533714063
52,1.6625810679529478,0.01497973769174199,6,128,121,a05422d9074983a5b69e,False,0.01497973769174213,highs,0.0,0.6546909489103163,0.6552752987335175,0.7635020374424881,0.24228847034908024,1.6891626565723274,3.738967393531402,9.650763110132427
53,1.677459231737766,0.0148781637848181,7,128,120,81e288d1066d93cdaf79,True,0.014878163784817959,highs,0.0,0.6526736191936178,0.6404611541187424,0.7456986529634426,0.22839118419747415,1.7019453600256595,3.8021167110289302,9.891681223077756
54,1.6922267772898174,0.01476754555205173,7,128,120,81e288d1066d93cdaf79,False,0.014767545552051356,highs,8.673617379884035e-19,0.6505088221756196,0.6257671095362519,0.7416907980233901,0.21532931817658307,1.7146128932177314,3.865320985676004,10.13464469644666
55,1.7068761854992907,0.014649408209473247,7,128,120,81e288d1066d93cdaf79,False,0.014649408209473339,highs,8.673617379884035e-19,0.6482244796482415,0.6112255639984853,0.7372597436277701,0.20309771465848653,1.7271391397378602,3.928512728308686,10.37934179140887
56,1.7214014376772953,0.0145252521780046,7,128,120,81e288d1066d93cdaf79,False,0.014525252178004846,highs,0.0,0.6458446509620552,0.5968633664587502,0.7324787822755648,0.19168556262390052,1.739505645349079,3.9916350144518713,10.625505217987255
57,1.735797732628293,0.01439629495099748,7,128,120,81e288d1066d93cdaf79,False,0.014396294950997476,highs,0.0,0.643389257444245,0.5827011565311981,0.7274085890322136,0.18107347145552294,1.7516988466798589,4.054639401919132,10.872903008509894
58,1.7500612634104051,0.014263530782112177,7,128,120,81e288d1066d93cdaf79,False,0.014263530782112456,highs,0.0,0.64087475604082,0.5687543009114355,0.7220995743459115,0.17123557835521072,1.7637087711070825,4.117484406144283,11.12133145755557
59,1.764189045125777,0.014127781715371768,7,128,120,81e288d1066d93cdaf79,False,0.014127781715371577,highs,0.0,0.6383147681921655,0.555033861740871,0.716593937416001,0.16214163039672466,1.7755282495847577,4.180134349394453,11.370610176056806
60,1.7781787783651382,0.013989733239361035,7,128,120,81e288d1066d93cdaf79,False,0.013989733239361443,highs,0.0,0.6357205976640262,0.5415474378996165,0.7109272531149121,0.1537586422216577,1.787152356621018,4.242558452776081,11.620578387234788
61,1.7920287484780153,0.01384997011287692,7,128,120,332e0693b76899bbd8d2,True,0.01384997011287691,highs,0.0,0.6331016996270029,0.5283000391070027,0.7051288432223857,0.14605220275561295,1.7985786759195441,4.304730648581988,11.871100404700027
62,1.805737712345075,0.013708963867059554,7,128,120,332e0693b76899bbd8d2,False,0.01370896386705974,highs,0.0,0.6304658683333014,0.5152941984594354,0.699223045248246,0.13898685669023608,1.8098066916047904,4.3666287188243205,12.122060649866757
63,1.8193047948390164,0.01356708249394134,7,128,120,332e0693b76899bbd8d2,False,0.013567082493941505,highs,0.0,0.6278194442364627,0.502530039645642,0.6932323481183486,0.13252705953873536,1.8208358551007975,4.428232471192379,12.373341551927101
64,1.8327294902331137,0.013424695394097075,7,128,120,332e0693b76899bbd8d2,False,0.013424695394097283,highs,1.6653345369377348e-16,0.6251679751632279,0.490006942227839,0.687176601984229,0.12663885482145312,1.8316666254708822,4.489524491816176,12.624836611537967
65,1.846011606920837,0.013282116687723056,7,128,120,332e0693b76899bbd8d2,False,0.01328211668772323,highs,6.938893903907228e-18,0.6225161654134966,0.48263207589348905,0.6810728880809281,0.12128939678071007,1.8423002628430718,4.550489759482434,12.87644921874545
66,1.859151219805299,0.01313961288446186,7,128,120,332e0693b76899bbd8d2,False,0.013139612884461816,highs,6.938893903907228e-18,0.6198679962780287,0.4849440576475901,0.6749358339561552,0.11644703201951853,1.8527387049484816,4.611115358392382,13.12809197881349
67,1.8721486295142058,0.012997409708906948,7,128,120,332e0693b76899bbd8d2,False,0.012997409708906853,highs,8.470329472543003e-22,0.6172268327965502,0.4871084519237042,0.6687779391918122,0.11208136740918132,1.862984467668452,4.671390235004752,13.379686160522635
68,1.8850043275347217,0.012855698020515893,7,128,120,332e0693b76899bbd8d2,False,0.012855698020516174,highs,0.0,0.6145955153475691,0.48913305743382973,0.6626098703059514,0.1081633154232691,1.8730405657681197,4.731304993501077,13.631161273799114
69,1.897718966441569,0.012714638906847098,7,128,120,332e0693b76899bbd8d2,False,0.01271463890684708,highs,1.1102230246251565e-16,0.6119764375229384,0.49102518108856796,0.6564407178002932,0.10466511919170597,1.8829104504340928,4.790851725002944,13.882454771541624
70,1.9102933344967277,0.01257436805515888,7,128,120,332e0693b76899bbd8d2,False,0.01257436805515862,highs,0.0,0.6093716122218185,0.4927917077000231,0.6502782174306423,0.10156036157445289,1.8925979609068642,4.850023866402321,14.133511869244515
71,1.922728333999793,0.01243499950306548,7,128,120,332e0693b76899bbd8d2,False,0.012434999503065477,highs,1.1102230246251565e-16,0.6067827277690526,0.49443916374351565,0.6441289398019835,0.09882396229737302,1.9021072881024352,4.9088160853609555,14.384285477590284
72,1.935024962857423,0.012296628857629832,7,128,120,332e0693b76899bbd8d2,False,0.012296628857629738,highs,0.0,0.60421119561105,0.4959737760389667,0.6379984524692908,0.09643216652095786,1.9114429485988824,4.967224188656944,14.634736245418777
73,1.9471842989177823,0.012159336060359571,7,128,120,332e0693b76899bbd8d2,False,0.012159336060359635,highs,1.1102230246251565e-16,0.6016581908966611,0.4974015262413726,0.6318914583180929,0.09436252758574727,1.9206097677339806,5.025245051606894,14.88483271280509
74,1.9592074866827063,0.012023187764923948,7,128,120,332e0693b76899bbd8d2,False,0.012023187764923844,highs,0.0,0.5991246870381608,0.49872820203107493,0.6258119135094315,0.09259388618149259,1.92961287084362,5.082876566781366,15.134551576279
75,1.971095726067674,0.011888239384967969,7,128,120,332e0693b76899bbd8d2,False,0.011888239384967789,highs,5.551115123125783e-17,0.5966114851706739,0.49995944588218144,0.619763127813647,0.09110634781662554,1.9384576818898203,5.140117610670342,15.383878070503258
76,1.982850262929117,0.011754536861442677,7,128,120,332e0693b76899bbd8d2,False,0.01175453686144309,highs,0.0,0.5941192392815434,0.5011008022730341,0.6137478497471507,0.08988126019705467,1.9471499288982632,5.196968027355403,15.632806473037995
77,1.994472381121119,0.011622118192001762,7,128,120,332e0693b76899bbd8d2,False,0.011622118192001731,highs,0.0,0.5916484776596599,0.5021577641905199,0.6077683385696884,0.08890119193990818,1.955695655760437,5.2534286286156275,15.881340741202502
78,2.0059633958802965,0.011491014759177798,7,128,120,332e0693b76899bbd8d2,False,0.011491014759177512,highs,4.336808689942018e-19,0.5891996212135101,0.5031358197753679,0.6018264248893079,0.08814991393314789,1.9641012400624813,5.3095012102435755,16.129495292554488
79,2.017324648369439,0.011361252489142437,7,128,120,332e0693b76899bbd8d2,False,0.011361252489142416,highs,0.0,0.5867729991223262,0.5040404999605591,0.5959235613532998,0.08761238459680634,1.9723734166863987,5.365188584684232,16.37729594319135
80,2.0285575012380717,0.011232852868632737,7,128,120,332e0693b76899bbd8d2,False,0.011232852868633288,highs,1.1102230246251565e-16,0.5843688622139654,0.5048774279719457,0.5900608646700147,0.08727474030060711,1.9805193069922769,5.420494630440667,16.62478102099255
81,2.0396633350822,0.01110583384412811,7,128,120,332e0693b76899bbd8d2,False,0.011105833844127787,highs,0.0,0.5819873944036668,0.5056523715908524,0.5842391500024819,0.08712429224392311,1.9885464534332276,5.475424359022771,16.87200267412239
82,2.0506435457066017,0.01098021062440191,7,128,120,332e0693b76899bbd8d2,False,0.010980210624401666,highs,0.0,0.5796287224777615,0.5063712991240111,0.5784589585967409,0.08714953120916112,1.9964628594775713,5.529984000556514,17.11902839865946
83,2.061499542111741,0.010855996405139123,7,128,120,332e0693b76899bbd8d2,False,0.010855996405139469,highs,1.1102230246251565e-16,0.5772929244640537,0.5070404400882844,0.5727205793506671,0.08734014176300396,2.0042770347135788,5.584181109527698,17.365942813179302
84,2.0722327451440137,0.010733203032272431,7,128,120,332e0693b76899bbd8d2,False,0.010733203032272879,highs,0.0,0.5749800367947868,0.5076663516976595,0.5670240648899142,0.08768702770946132,2.011998044987809,5.638024692513271,17.612849712562497
85,2.0828445867630774,0.010611841619063256,7,128,120,332e0693b76899bbd8d2,False,0.010611841619063174,highs,0.0,0.572690060437778,0.5082559923394556,0.5613692425928757,0.08818235090567544,2.019635567374528,5.69152536016206,17.85987443831357
86,2.0933365098937946,0.010491923130717229,7,128,120,332e0693b76899bbd8d2,False,0.010491923130717335,highs,0.0,0.5704229661453936,0.5088168033480638,0.5557557208933781,0.08881958595200448,2.027199949684985,5.744695506133541,18.10716660834784
87,2.1037099688430927,0.01037345894929853,7,128,120,332e0693b76899bbd8d2,False,0.010373458949298342,highs,0.0,0.5681786989492186,0.5093568005291075,0.5501828910860049,0.0895935937829553,2.034702274094037,5.797549516195727,18.354903255635488
88,2.1139664302741443,0.01025646143105119,7,128,120,332e0693b76899bbd8d2,False,0.010256461431051992,highs,0.0,0.56595718200953,0.5098846770582848,0.5446499247617977,0.09050071784340517,2.0421544242779377,5.8501040112311635,18.60329243240146
89,2.12410737474196,0.010140944467815327,7,128,120,332e0693b76899bbd8d2,False,0.01014094446781544,highs,0.0,0.5637583199128581,0.5104099195795728,0.5392847919088852,0.09153890737152649,2.0495691552091095,5.902378128513084,18.852577344897135
90,2.1341342988060066,0.010026924064046483,7,128,120,332e0693b76899bbd8d2,False,0.010026924064046138,highs,1.1102230246251565e-16,0.56158200149719,0.5109429395613422,0.5346145789387197,0.09270787337381146,2.0569601644258357,5.954393846303443,19.103041093234722
91,2.1440487177470193,0.009914418941012748,7,128,120,332e0693b76899bbd8d2,False,0.009914418941012691,highs,0.0,0.5594281022730826,0.5114952222390676,0.53013807654686,0.09400928422997319,2.0643421631680408,6.006176357602998,19.355012101577383
92,2.1538521689270893,0.009803451180069978,7,128,120,332e0693b76899bbd8d2,False,0.009803451180069995,highs,2.220446049250313e-16,0.5572964864987909,0.512079495786468,0.5258769378930516,0.09544700958719604,2.0717309452205024,6.057754499765442,19.60887033630083
93,2.163546215844524,0.009694046917434918,7,128,120,332e0693b76899bbd8d2,False,0.009694046917435029,highs,2.220446049250313e-16,0.5551870089592225,0.5129559834050701,0.5269531999215521,0.09702742339755811,2.07914345060178,6.109161247688242,19.86505442380674
94,2.173132452948202,0.009586237103678119,7,128,120,332e0693b76899bbd8d2,False,0.009586237103677507,highs,2.220446049250313e-16,0.5530995164913765,0.5146385615194147,0.5375389695368513,0.09875977975483606,2.0865978203427225,6.160434279430507,20.124069795724413
95,2.1826125112904036,0.009480058342202113,7,128,120,332e0693b76899bbd8d2,False,0.00948005834220173,highs,0.0,0.5510338492926182,0.5165911638179917,0.5484407379731564,0.10065667877279065,2.0941134374643746,6.211616624403382,20.38649800757409
96,2.1919880651126857,0.009375553822282612,7,128,120,332e0693b76899bbd8d2,False,0.009375553822282692,highs,1.3877787807814457e-17,0.5489898420430284,0.5188616492991249,0.5597447996770892,0.10273464434329366,2.1017109478297513,6.26275740575419,20.653007397909068
97,2.2012608394765416,0.00927277436385543,7,128,120,332e0693b76899bbd8d2,False,0.009272774363855601,highs,2.220446049250313e-16,0.5469673248684429,0.5215043402153058,0.5715485479557194,0.1050148415158809,2.1094122527281285,6.313912690248509,20.92436527887935
98,2.210432619069692,0.009171779593150298,7,128,120,332e0693b76899bbd8d2,False,0.0091717795931504,highs,0.0,0.5449661241670571,0.5245809579041207,0.5839620971359475,0.1075239688339649,2.1172404627511563,6.365146460874331,21.201451876494268
99,2.2195052583402566,0.009072639270564675,7,128,120,332e0693b76899bbd8d2,False,0.009072639270564545,highs,3.3306690738754696e-16,0.5435759137058366,0.528161691801311,0.5971101351424929,0.11029537074767681,2.125219799602449,6.416531729584208,21.48527627009344
100,2.228480693135083,0.008975434794826764,7,128,120,332e0693b76899bbd8d2,False,0.008975434794826551,highs,0.0,0.5429599067526638,0.5323264206982116,0.6111340394924808,0.1133704278491794,2.1333754287673554,6.468151810093569,21.77699461622271
101,2.2373609540456787,0.008880260910595794,7,128,120,332e0693b76899bbd8d2,False,0.008880260910595024,highs,0.0,0.542609362944364,0.5371661080244585,0.6261942944093983,0.1168002989900273,2.1417332012178147,6.520101773511338,22.077930982891267
102,2.2461481816959368,0.008787227650258966,7,128,120,332e0693b76899bbd8d2,False,0.008787227650258939,highs,0.0,0.5425595753161376,0.5427843960453801,0.6424732521390104,0.12064811044523979,2.150319276213393,6.572490112843331,22.38960116678723
103,2.254844644240751,0.008696462544813599,7,128,120,332e0693b76899bbd8d2,False,0.008696462544813963,highs,1.1102230246251565e-16,0.542850868076224,0.549299427415324,0.6601782876963368,0.12499171462030127,2.159159589337203,6.625440646138177,22.713739919282098
104,2.2634527573842704,0.008608113143519613,7,128,120,332e0693b76899bbd8d2,False,0.00860811314351927,highs,1.1102230246251565e-16,0.5435293169356968,0.5568459265892178,0.6795454033015901,0.12992717622935382,2.168279119552314,6.6790946923062915,23.05233206791296
105,2.2720213132919205,0.008568555907650044,8,128,119,b92a40c8937470f031a5,True,0.008568555907649933,highs,5.551115123125783e-17,0.5434347530489229,0.5638206614407056,0.6994565999553801,0.13621257371179923,2.1781416360958032,6.733368112863813,23.400663813412045
106,2.2807770651967076,0.008755751904787612,8,128,119,b92a40c8937470f031a5,False,0.009667733333868795,highs,1.734723475976807e-18,0.5423885893891387,0.5616994426934888,0.7120959103395009,0.14635229770153335,2.1891086595652287,6.786926815024635,23.722187764188625
107,2.2895097386150542,0.008732673418346604,8,128,119,b92a40c8937470f031a5,False,0.009391751571566196,highs,3.469446951953614e-18,0.5419883518612444,0.5579403363710381,0.7170466033403862,0.15196882485091992,2.198533149374331,6.839237033683739,24.022191831896222
108,2.2982232057540704,0.008713467139016107,8,128,119,b92a40c8937470f031a5,False,0.009380225577773913,highs,3.469446951953614e-18,0.5412270989030739,0.5536826371032276,0.7189601810869145,0.1558657729493751,2.2070783318770055,6.890410605656579,24.30375366383761
109,2.306898117568667,0.008674911814596786,8,128,119,b92a40c8937470f031a5,False,0.009262343634414562,highs,5.551115123125783e-17,0.5421222292403847,0.5492399609470553,0.718602116335548,0.15814698918006154,2.214938067080961,6.940610687935844,24.57091933024971
110,2.3155485382721785,0.008650420703512296,9,128,118,9bd527f6fe03b7a012c8,True,0.009247899392815579,highs,1.3877787807814457e-17,0.5433803615324094,0.5447325980133492,0.7172480406536458,0.15951624884705762,2.222518889757183,6.990269606642847,24.83019374086861
111,2.324164169797876,0.008615631525696887,9,128,118,9bd527f6fe03b7a012c8,False,0.009183179299479944,highs,5.551115123125783e-17,0.5443142727160248,0.5401110247695029,0.7147785026501595,0.1599476803859385,2.229779262189812,7.039478156949411,25.083768848556936
112,2.3327306688124314,0.008566499014556417,9,128,118,9bd527f6fe03b7a012c8,False,0.009142505217050656,highs,0.0,0.5450210481248154,0.5359216058403365,0.7112306076408177,0.15973222520019728,2.236663576773406,7.088119471405673,25.330736031236235
113,2.34124485215169,0.008514183339258352,9,128,118,f1b81e09d74372baec6a,True,0.008941977625657295,highs,5.551115123125783e-17,0.5454530876612872,0.5328961533313223,0.7066114445096391,0.15844573956342262,2.2433177223042526,7.136487611445136,25.576287810220293
114,2.349704585362132,0.008459733210442355,10,128,117,47cb500d942bee12ad31,True,0.008697407862112806,highs,8.673617379884035e-19,0.5456660987212218,0.5291707423215118,0.7028809376295935,0.1561448980176234,2.2498605357638537,7.184806392237818,25.824503551833
115,2.3581159484616028,0.008411363099471547,10,128,117,47cb500d942bee12ad31,False,0.008564423010104643,highs,6.938893903907228e-18,0.5457261022309937,0.5248674370823162,0.6986336739725403,0.1530476924191472,2.25648049492819,7.233401002841292,26.080955008916334
116,2.366475975827554,0.008360027365951428,10,128,117,47cb500d942bee12ad31,False,0.008736619792291723,highs,5.421010862427522e-20,0.5456649098631764,0.5225483933954852,0.6940596210861862,0.14927480412035443,2.2631725882914724,7.282405589201142,26.34825141832198
117,2.3747808881873724,0.008304912359818228,10,128,117,47cb500d942bee12ad31,False,0.008987160732327228,highs,1.734723475976807e-18,0.545605899853672,0.5208312628022003,0.6893947218456785,0.14483805191275317,2.2699436327131925,7.331973768931268,26.629490207848434
118,2.383040396630396,0.008259508443023478,12,126,117,ac20b20591520cee4e6d,True,0.008828293879983833,highs,5.551115123125783e-16,0.5462331295314078,0.5178292273769656,0.681341679259818,0.1396089282898923,2.2768784466344076,7.381936205511738,26.920345501789853
119,2.391261975867808,0.008221579237411625,12,126,117,ac20b20591520cee4e6d,False,0.008817811380197996,highs,1.1102230246251565e-16,0.5478030907298149,0.5146529969251818,0.6722487362106961,0.13400347930537462,2.283929738940484,7.4324433579233835,27.222659599645425
120,2.3994520159335404,0.008190040065733317,12,126,117,ac20b20591520cee4e6d,False,0.00883621384711066,highs,6.938893903907228e-18,0.5495092563413049,0.5115012411129183,0.6625921435220836,0.12818804928743102,2.2911217079518544,7.483615736601256,27.53788397302167
121,2.4076159540171505,0.008163938083609601,12,126,117,ac20b20591520cee4e6d,False,0.008876581892245255,highs,5.551115123125783e-17,0.551400988300906,0.5084669557451134,0.6525573967969092,0.12224498462146532,2.298472119922977,7.53557887475468,27.86772594670868
122,2.4157582521555745,0.008142298138424042,12,126,117,ac20b20591520cee4e6d,False,0.009022925042851206,highs,6.938893903907228e-18,0.5535251961661899,0.5056269411771193,0.6422559484798933,0.11622909062110677,2.305989093408021,7.58846370969814,28.214107124643327
123,2.4238842746938114,0.00812602253823691,13,125,117,57aec5967f0c4612a3a6,True,0.009375073481467456,highs,1.6940658945086007e-21,0.5559394205038393,0.5030601489033301,0.6317923260469167,0.11020847764049155,2.3137035732893123,7.642442932486336,28.579774058245246
124,2.4319940323918803,0.008109757698069764,13,125,117,57aec5967f0c4612a3a6,False,0.009796441656621739,highs,0.0,0.5586959041275287,0.5008436234243354,0.6212167724093014,0.10419435824726295,2.321560322245375,7.697622394951424,28.96642118477608
125,2.4400892278609874,0.008095195469107086,13,125,117,57aec5967f0c4612a3a6,False,0.010281393241141041,highs,6.938893903907228e-18,0.5618548287007595,0.4990494593853433,0.6105302734669984,0.09822751225739063,2.3295311753793557,7.754164611783336,29.3767935510128
126,2.448172124393251,0.008082896532263462,13,125,117,57aec5967f0c4612a3a6,False,0.010839498624736167,highs,1.1102230246251565e-16,0.5661733143531689,0.4977347086762355,0.5997499541403581,0.09236947500453456,2.337580481197276,7.812267329037146,29.814276167971602
127,2.456494670101969,0.00832254570871882,14,126,115,8446c49fdb64bd3c628d,True,0.009939317051781471,highs,5.551115123125783e-17,0.5656072388691284,0.4859508944562404,0.5802666507810118,0.08547968358114194,2.3488861823253124,7.871321993320169,30.241704731409726
128,2.4649121992141283,0.00841752911215865,14,126,115,8446c49fdb64bd3c628d,False,0.008957329803186368,highs,0.0,0.5651343672527795,0.4758306988047351,0.5800080532097751,0.08151384201453643,2.359611137150494,7.930264297239023,30.65366444143927
129,2.473372271341881,0.008460072127752571,15,127,114,1fb1ee4c0962b0edac3d,True,0.008461677559162481,highs,5.551115123125783e-17,0.5653401435621257,0.4689135179610294,0.5810875214794664,0.07907032505437615,2.3698611343026883,7.989117823553628,31.055888372157565
130,2.4818699076505437,0.008497636308662404,15,126,114,419665763aaea1ce8795,True,0.00849887419003538,highs,1.6940658945086007e-21,0.5657936176075282,0.46382051331807417,0.582790938731579,0.07716330035410239,2.3799248250146348,8.048108245230146,31.453724352674666
131,2.490409786591792,0.008539878941247636,16,126,113,09960417c42eecf1dc63,True,0.008549725795708368,highs,1.6653345369377348e-16,0.5663191884303027,0.4596901029027447,0.5847935091411358,0.07547074870272287,2.390019164437499,8.107502128310418,31.85229459677847
132,2.4989962920440165,0.00858650545222428,16,126,113,70ebd69d873dc11310f8,True,0.008589717768196944,highs,0.0,0.5668288568924517,0.4560235393842008,0.5868740532572794,0.07387525133115425,2.4002941221919047,8.167536096416189,32.25609226141023
133,2.5076193083428517,0.008623016298834774,16,126,113,70ebd69d873dc11310f8,False,0.008625266034812175,highs,2.7755575615628914e-16,0.5672950646940604,0.45257524729718307,0.5886851753301146,0.07237385882376146,2.410672050990205,8.22811031487934,32.6642213778854
134,2.5162694453888164,0.008650137045964623,16,127,113,e6188ef07d989a26e153,True,0.008652181794973481,highs,4.4656970609736e-11,0.5677122962764826,0.44926224588772895,0.5902043796391451,0.07093961285141306,2.4211255594414727,8.289160481659488,33.076451030397294
135,2.5249390412750734,0.00866959588625571,16,127,113,e6188ef07d989a26e153,False,0.008671486857262949,highs,2.220446049250313e-16,0.5680796550515135,0.4460237991734124,0.5914552337198149,0.06955763375114299,2.431637535714564,8.350632469060596,33.49257372468377
136,2.5336220351979075,0.00868299392283367,16,127,113,e6188ef07d989a26e153,False,0.008684753120152662,highs,3.885780586188048e-16,0.568400152249311,0.4428207520077398,0.5924755239368749,0.06822345853778827,2.4421961484337604,8.412482457879,33.9124133115053
137,2.5423137093345365,0.008691674136628968,16,127,113,e6188ef07d989a26e153,False,0.008693318988283748,highs,4.741187569909637e-11,0.5686791240589344,0.4396319903521032,0.5933069154874631,0.06693853365403288,2.452792879582861,8.4746760969104,34.335833188951504
138,2.551010744376268,0.008697035041731027,16,126,113,45ef49eb77ed36c9a9d0,True,0.008698534867977755,highs,0.0,0.5689237837004915,0.43643973852710216,0.5939918820760688,0.06570252816201749,2.4634336871005673,8.5372005152436,34.76304186818168
139,2.5597109106459914,0.008700166269723919,16,126,113,45ef49eb77ed36c9a9d0,False,0.008702730215100665,highs,1.1102230246251565e-16,0.5691448705608253,0.4332582695812066,0.5945988964969295,0.06452253300595945,2.474121585662676,8.60004783284171,35.194187302075925
140,2.568412610825366,0.008701700179373884,16,126,113,67b9216c6d04b8061f4c,True,0.008704395078974383,highs,6.776263578034403e-21,0.5693537293178175,0.43009162792107314,0.5951559351845179,0.06340724923561294,2.48485331385766,8.663209160547098,35.62928401924142
141,2.5771146820134505,0.008702071188083416,16,126,113,94f5332b3bc23ba8c8c3,True,0.008704367837549309,highs,1.1102230246251565e-16,0.5695486362553053,0.4269437097532964,0.5956811206720696,0.06236174424155248,2.4956259529074005,8.726678060652816,36.06833494768327
142,2.5858162831729006,0.008701601159450068,16,126,113,94f5332b3bc23ba8c8c3,False,0.008703031604512725,highs,8.470329472543003e-22,0.5697256653354563,0.4238138630288878,0.5961803026049723,0.061389964808169335,2.5064358564641087,8.790447390828884,36.51125994272205
143,2.594516673450371,0.008700390277471826,16,126,113,94f5332b3bc23ba8c8c3,False,0.008701333950671412,highs,4.336808689942018e-19,0.5698926737445303,0.42070984841254166,0.5966645091166191,0.06049163811603184,2.517281154785119,8.854514176372643,36.958104998147746
144,2.6032152322524396,0.00869855880206849,16,126,113,94f5332b3bc23ba8c8c3,False,0.00869922905773726,highs,1.0842021724855044e-19,0.5700522894577492,0.41763379361002995,0.5971385430445102,0.05966688760893904,2.5281606582497624,8.918876085958626,37.40891668072257
145,2.6119114641781622,0.008696231925721332,16,126,113,94f5332b3bc23ba8c8c3,False,0.008696749002120575,highs,1.1102230246251565e-16,0.5702065539491423,0.41922004638012333,0.5976070591090197,0.0589156720340477,2.5390735168191902,8.983531359835233,37.86374005916702
146,2.620604998201375,0.008693534023214156,16,126,113,94f5332b3bc23ba8c8c3,False,0.008693965981948147,highs,1.1102230246251565e-16,0.5703574084414879,0.4224157083854029,0.5980749298755703,0.05823797049579715,2.550019224250802,9.048479008567302,38.32262244549767
147,2.6292955820958723,0.008690583894498172,16,126,113,94f5332b3bc23ba8c8c3,False,0.008690969596473273,highs,1.0842021724855044e-19,0.5705067837116423,0.42559741358444336,0.5985476791806607,0.05763375578908919,2.5609976097774503,9.113718936042911,38.78561649204137
148,2.6379830761279686,0.008687494032095788,16,126,113,94f5332b3bc23ba8c8c3,False,0.008687856037409888,highs,1.3552527156068805e-20,0.5706566207877589,0.42876745191102505,0.599031054885121,0.05710295664168047,2.572008821272125,9.17925201466646,39.2527825305629
149,2.646667447336193,0.008684371208223851,16,126,113,94f5332b3bc23ba8c8c3,False,0.008684723024919612,highs,1.6940658945086007e-21,0.570808879418965,0.43192851935292736,0.5995309887934309,0.05664544097417054,2.5830533102387854,9.24508013767512,39.724190427348354
150,2.6553487650524423,0.008681317716249914,16,126,113,94f5332b3bc23ba8c8c3,False,0.008681667880521198,highs,5.551115123125783e-17,0.5709655506408834,0.43508311186880866,0.600053469864265,0.056261019138230076,2.594131821775771,9.311206267316148,40.199921232105915
151,2.6640271979816252,0.008678432929182023,16,126,113,94f5332b3bc23ba8c8c3,False,0.008678787309961907,highs,2.710505431213761e-20,0.5711286756325468,0.4382341773540871,0.6006047723017371,0.05594946010302015,2.6052453898348293,9.377634490327136,40.68006881508537
152,2.672703012967306,0.008675814985681374,16,126,113,94f5332b3bc23ba8c8c3,False,0.008676178095374378,highs,3.469446951953614e-18,0.5713004712617988,0.4413849799652278,0.6011914540987602,0.05571051505376634,2.616395337098834,9.444370087232492,41.16474161590474
153,2.6813765754788568,0.008673562511551047,16,126,113,94f5332b3bc23ba8c8c3,False,0.008673938261726731,highs,3.3881317890172014e-21,0.5714831883827378,0.4445391464780769,0.601820447081916,0.05554394525300025,2.627583278574951,9.511419619306952,41.654064584784194
154,2.690048351826232,0.008671776347374927,16,126,113,94f5332b3bc23ba8c8c3,False,0.008672168495998105,highs,5.551115123125783e-17,0.5716792477467584,0.447700725530778,0.6024991609034217,0.05544955275271388,2.6388111280213757,9.578791035884661,42.14818137570848
155,2.6987189131157066,0.00867056128947441,16,126,113,94f5332b3bc23ba8c8c3,False,0.008670973718417312,highs,3.469446951953614e-18,0.5718910153413341,0.4508743739050499,0.6032355991016012,0.055427213584174906,2.6500811063730216,9.64649380435907,42.64725684297568
156,2.70738894434053,0.008670031224824015,17,125,113,2678e2e970d4a0261494,True,0.00867035435510764,highs,8.673617379884035e-19,0.5721209433190555,0.45406478020058605,0.6040381507195904,0.055476903464459076,2.661395895670752,9.71453887812061,43.15147231572101
157,2.7160592449367935,0.008670300596263392,17,125,113,2678e2e970d4a0261494,False,0.008670475838707708,highs,8.673617379884035e-19,0.572371019783084,0.4572750699245942,0.6049147064373142,0.055598605763255836,2.672758604583471,9.782938342848691,43.66101270084418
158,2.724730669277282,0.008671424340487732,17,126,113,7fd678011fc027244d7a,True,0.008671424340487736,highs,0.0,0.5726458929393257,0.4605140956198917,0.6058751733348646,0.0557923827070984,2.684171226613018,9.851707039213977,44.17614152882667
159,2.7334042784549317,0.008673609177649588,17,126,113,7fd678011fc027244d7a,False,0.008673609177649463,highs,3.469446951953614e-18,0.5729491051033289,0.4637898746228119,0.6069332625915658,0.05605907291004536,2.695637725302671,9.920862319931802,44.697140587297596
160,2.7420812765653375,0.008676998110406231,17,126,112,748b3afea13c2b22887f,True,0.008677000806629425,highs,3.3306690738754696e-16,0.5732846195234528,0.4671104720858068,0.6081018120938235,0.05639957079806941,2.707161979599819,9.99042391041367,45.22432886011783
161,2.750763164537998,0.008681887972660451,17,125,113,8c971f7abec546bb0645,True,0.008682054389920325,highs,2.220446049250313e-16,0.5736519414347013,0.47047652541233537,0.6093939942657771,0.056814883280115525,2.718751581755356,10.060413237898178,45.75799300447368
162,2.759452742894471,0.008689578356472882,18,126,112,1e55480266117aa5d973,True,0.008689662314508712,highs,1.1102230246251565e-16,0.5740122872522027,0.4738177208510103,0.6108058728530239,0.05730213398325401,2.7304371807303913,10.130850397818197,46.297996383204044
163,2.768149310353627,0.008696567459155702,18,126,112,1e55480266117aa5d973,False,0.008696657945923867,highs,5.551115123125783e-16,0.574384497956596,0.4771408483743408,0.6122394419514455,0.05784843795488928,2.7421805833422805,10.201723016977766,46.84424051244505
164,2.7768536393841003,0.008704329030472913,18,126,112,1e55480266117aa5d973,False,0.008704426562313752,highs,1.3877787807814457e-17,0.5747760257042543,0.48047522961429207,0.6137480648949375,0.058455540509204026,2.753986483272386,10.273043974823265,47.396913399321
165,2.785566441004016,0.008712801619916277,18,126,112,1e55480266117aa5d973,False,0.008712902841829852,highs,2.220446049250313e-16,0.5751860682900294,0.4838217781129307,0.6153267310494808,0.05912285288244301,2.7658564158293024,10.344823684397193,47.95617348996044
166,2.7942885117955916,0.008722070791575831,18,126,112,1e55480266117aa5d973,False,0.008722172806108852,highs,2.220446049250313e-16,0.5756152452114337,0.48718277547132677,0.616978955454746,0.059850170310091315,2.7777922836557445,10.417073425209256,48.52218434003119
167,2.8030207122436894,0.008732200448098304,19,126,112,1e55480266117aa5d973,False,0.008732300371810208,highs,2.220446049250313e-16,0.5760643442228748,0.4905600298210361,0.6187084201205972,0.06063715956022508,2.7897960441271095,10.489805157211372,49.095115293106815
168,2.8117639633699496,0.008743251126259288,19,126,112,1e55480266117aa5d973,False,0.008743347920107938,highs,1.1102230246251565e-16,0.576534284264318,0.49395542502470124,0.6205191287541225,0.06148339642039945,2.8018697055422024,10.563031570250843,49.675143068970044
169,2.8205192422886207,0.00875527891867156,19,126,111,690d0cd305a88179b1e9,True,0.008755372518704164,highs,1.1102230246251565e-16,0.5770260279392242,0.4973709356417274,0.6224150947255489,0.062388405156899376,2.814015322573127,10.636766079313098,50.26245256569511
170,2.829287579124477,0.008768336835855095,19,126,111,690d0cd305a88179b1e9,False,0.008768427297021843,highs,6.938893903907228e-18,0.5775405533859674,0.5008086236810249,0.6244003039593504,0.06335169951444955,2.826235001986501,10.711022823206761,50.85723741580578
171,2.83807005491108,0.008782475786603072,19,126,111,690d0cd305a88179b1e9,False,0.008782563211870768,highs,8.673617379884035e-19,0.5780788470600707,0.5042706245561122,0.6264787308981271,0.06437281079267387,2.8385309078129044,10.785816665158126,51.4597003350333
172,2.8468722159443827,0.008802161033303335,19,124,112,1fd021956787bf79961b,True,0.008803128318434267,highs,5.551115123125783e-17,0.5785803858159504,0.5075141065341224,0.6286220904553921,0.06541993541848318,2.8509823446457814,10.861157131058176,52.06855651838649
173,2.8556874999594077,0.008815284015024183,19,124,112,1fd021956787bf79961b,False,0.008815918820023977,highs,4.440892098500626e-16,0.5790332909210036,0.5105491479241404,0.630479420809218,0.06645750839508632,2.863485709277869,10.936936153208391,52.68244974412186
174,2.864512886970234,0.008825387010826358,20,124,112,e55f53ddbaae94da4d39,True,0.008825648166897506,highs,3.3306690738754696e-16,0.5794748607547044,0.5135307907455778,0.632212899538358,0.06750286755714795,2.876016859958095,11.01313303406537,53.30152054557263
175,2.8733484310023125,0.008835544032077536,20,126,110,863084d6e93d63b4161f,True,0.008835703546286466,highs,3.2404198284762166e-11,0.579871483593084,0.5164410556097967,0.6338849512257065,0.06856485489960533,2.888593584504579,11.089746360489391,53.92567249697878
176,2.8821934379781506,0.008845006975838121,21,127,110,bcd453f7b0e8ef7a26bf,True,0.008845068684323843,highs,1.3877787807814457e-17,0.5801826103167412,0.5191992685705653,0.6354214537074322,0.0696311905318774,2.9012179550245647,11.166745805265172,54.55419824256895
177,2.8910459799870036,0.008852542008853881,21,127,110,bcd453f7b0e8ef7a26bf,False,0.008852577132746658,highs,8.534439054422951e-12,0.5803767067873432,0.5217444213445581,0.6367441423435285,0.07068366787896375,2.913877509595886,11.24407841873196,55.186029541065395
178,2.8999033014558036,0.008857321468800361,21,127,110,bcd453f7b0e8ef7a26bf,False,0.008903324384051508,highs,7.58616804837596e-12,0.5804168872267748,0.5240172523950555,0.6377769806602382,0.07170199573140078,2.926553215806479,11.321675285067407,55.819814646642435
179,2.9087616068661593,0.008858305410355705,21,127,110,bcd453f7b0e8ef7a26bf,False,0.008975708510906018,highs,6.743260487445297e-12,0.580257858539818,0.5259458974628627,0.638422769736202,0.07266276074912328,2.939216830932201,11.399446817906096,56.45384153603426
180,2.917615827530688,0.008854220664528345,21,127,110,bcd453f7b0e8ef7a26bf,False,0.009062108795133413,highs,7.0216053328243666e-12,0.5798443587415414,0.5274430917537941,0.6388201735100152,0.0735389414036531,2.9518265515790456,11.477277999169026,57.085955043270346
181,2.9264597063614914,0.008843878830803842,20,127,110,7a7673c43ab9f13cb2b2,True,0.009008517650600853,highs,2.2801641847950654e-11,0.5795734964666458,0.5288829089736319,0.6387117437335429,0.07436319826652446,2.9643922430301592,11.55524169956281,57.72023721808716
182,2.935287953142602,0.00882824678111005,20,127,109,913d941f2c822d4fd564,True,0.008940119600720874,highs,2.0816681711721685e-17,0.5793916266790142,0.5303896606050351,0.6381793023692811,0.0751910759188676,2.976863382723047,11.633296394283063,58.35681502551452
183,2.944097575327181,0.008809622184579258,20,127,109,913d941f2c822d4fd564,False,0.008897427219364743,highs,2.220446049250313e-16,0.5793345944732722,0.5319448206333584,0.6374924994860767,0.07606485841516476,2.989229735213045,11.71138128882845,58.99468030893687
184,2.952887910527845,0.008790335200663968,20,127,109,913d941f2c822d4fd564,False,0.008865666947691787,highs,3.469446951953614e-17,0.5793314147640359,0.5335414452601847,0.6367674043524993,0.07700518368225644,3.001498445435086,11.789472459260978,59.63342396493359
185,2.9616598230937097,0.008771912565864515,20,127,109,913d941f2c822d4fd564,False,0.008835612439195615,highs,1.1102230246251565e-16,0.5793256232900259,0.5351805078777977,0.6360854511833791,0.07801680023898368,3.0136792483921564,11.867569113925102,60.27294807743502
186,2.9704150445504993,0.008755221456789641,20,127,109,8a81aacf50cb232acb85,True,0.008783272578677583,highs,5.293955920339377e-23,0.5793079712528334,0.5369593947357646,0.6354365175730953,0.07911207478441008,3.0257960581768515,11.945727267264441,60.91467870873843
187,2.979156277194177,0.008741232643678654,20,127,109,8a81aacf50cb232acb85,False,0.00877283281219546,highs,1.3877787807814457e-17,0.5792861231050824,0.53900515218761,0.6352010813805279,0.08032023347644424,3.0378760297922005,12.024029119801934,61.56055222543288
188,2.9878877453532398,0.008731468159064004,20,127,109,8a81aacf50cb232acb85,False,0.008787210632790983,highs,7.0645642223719955e-12,0.579448506315076,0.5414787983256212,0.6355144279915036,0.0816917129930901,3.0499519399834845,12.1025960196364,62.213296739739164
189,2.9966159999200124,0.008728254566773064,20,127,109,8a81aacf50cb232acb85,False,0.008906306244351191,highs,1.6676095576015144e-11,0.5800904938676257,0.5446550139847443,0.636645727023367,0.08330334735069152,3.0620568384412157,12.181606096779278,62.87677408851171
190,3.005350869407872,0.008734869487859509,20,127,109,8a81aacf50cb232acb85,False,0.009142069305440568,highs,2.5775807572699017e-11,0.5812096865641005,0.5491925061995071,0.6406041078043271,0.08526708031616456,3.0742097448566605,12.261313622434153,63.55632479918649
191,3.0141067129889367,0.008755843581064848,20,126,110,9ba76ae1d6be70ef93a6,True,0.009450983034349504,highs,5.551115123125783e-17,0.5831073071959856,0.5563506956271829,0.6530120819309947,0.08773833247774462,3.0863943411752546,12.342062813704487,64.25886269426577
192,3.0229075180955203,0.008800805106583098,20,125,110,8d44678573b2ff3f30f0,True,0.009251755200855036,highs,5.551115123125783e-17,0.5847522709952817,0.5632119744819437,0.6659971872678054,0.09058922467477663,3.0988196734651727,12.42382078143621,64.97680097596698
193,3.031772359605663,0.008864841510142885,21,125,110,91cc49ff56c6ac29e709,True,0.009180059900041282,highs,2.6469779601696886e-23,0.5859232208545462,0.5688799213261572,0.678205354230796,0.09338375739158802,3.1115983074787725,12.506472750904399,65.70156848713194
194,3.040704614816045,0.008932255210381435,21,126,108,46555552a82561fd24eb,True,0.009172499046939609,highs,1.1102230246251565e-16,0.5872606226503607,0.5744746615296216,0.6899585506357502,0.09592657402948158,3.1245928831100622,12.590145043590041,66.43623072556474
195,3.0497075179568944,0.00900290314084895,21,124,111,a621a12310cd70c6e2a7,True,0.009232126636960821,highs,1.3877787807814457e-17,0.588434466967813,0.5785237403028132,0.6998944640177414,0.0980522534824991,3.1379213345430594,12.674733823976306,67.17623898395013
196,3.0587596531804317,0.009052135223537316,21,124,110,981dfd317bda5af423e8,True,0.00908042531304893,highs,1.3877787807814457e-17,0.5893930819121919,0.5820341033927128,0.708227104482557,0.09983844019977382,3.1513304022790667,12.760107838080733,67.92361768287407
197,3.0678514110579593,0.009091757877528472,22,126,109,8b35953bfbd19662e953,True,0.009107108764161225,highs,2.4911968483001997e-11,0.5902731622065672,0.5854020819809602,0.7161716760282779,0.1015091568759546,3.1648098435894854,12.846233052110001,68.67903787740963
198,3.0769770163414987,0.009125605283539784,23,126,109,168524f1692b84e87254,True,0.009134523565127981,highs,5.551115123125783e-17,0.5911147999575481,0.5886514735650422,0.7237986029465742,0.10310506552736895,3.1783614272077063,12.933082013565068,69.4433255294168
199,3.086130399330239,0.009153382988740244,24,126,108,6a7dac54a044045c8b60,True,0.009159367879863115,highs,8.673617379884035e-19,0.5919113130097038,0.5918267526502903,0.7312062798419205,0.1046895111414143,3.19197381611579,13.02058788329586,70.21603608073421
200,3.0953076302739513,0.009177230943713255,24,127,107,1d8660ca1f2e6911bec4,True,0.009181242700399606,highs,5.7767896755237934e-12,0.5926619401246915,0.5949438053438882,0.7384594864476368,0.10628976427415933,3.20563749516459,13.108700095173216,70.99672142275841
201,3.1045062915522137,0.00919866127826241,24,126,107,78ddc6273d3873974641,True,0.009201354419950115,highs,5.1349241559858215e-12,0.5933784376338159,0.5980336330143183,0.7456171167638921,0.10791867989174081,3.2193465733055717,13.197385183838753,71.78508149647557
202,3.113725068280883,0.009218776728669997,24,126,107,78ddc6273d3873974641,False,0.009220335805866876,highs,4.564377027578723e-12,0.5940744745106454,0.6011176275277983,0.7527201752150056,0.10958150790838866,3.23309723037254,13.286621891979692,72.58090187383522
203,3.122963423274785,0.009238354993901687,23,127,108,15deea27bf7103041e46,True,0.0092393553890014,highs,2.6864680071877425e-11,0.5947623991837399,0.6042077462147357,0.7597936571158499,0.1112791053338036,3.2468872866170777,13.376398099589194,73.38404585544171
204,3.132221335284626,0.00925791200984083,23,127,107,1d8660ca1f2e6911bec4,True,0.009258804531067347,highs,3.469446951953614e-18,0.5954480224069104,0.607309527195147,0.766847934454042,0.11300995483065246,3.260715615846496,13.46670809437915,74.19443548411236
205,3.141499107273652,0.009277771989026906,23,127,107,978680b2c90e6097b494,True,0.009278522422463777,highs,7.12845940269898e-11,0.5961358381423121,0.6104289824073427,0.7738923831735858,0.11477140179042455,3.274581718681212,13.557550450015457,75.01203284469437
206,3.1507972356659937,0.009298128392342786,23,127,108,485cf85bf2dc033ee85a,True,0.00929873273843148,highs,3.3438238645868135e-11,0.5968291319303236,0.6135626659269249,0.7809267668493945,0.11656031167533226,3.2884855076892854,13.648926634777585,75.83683108933249
207,3.1601163196114257,0.009319083945431572,23,127,108,485cf85bf2dc033ee85a,False,0.009319572318179151,highs,7.065909337953782e-11,0.5975300700631944,0.6167096692124535,0.7879498815855275,0.11837351284205327,3.302427110476735,13.740839938445792,76.66884476371052
208,3.1694570041840953,0.009340684572669566,23,127,108,485cf85bf2dc033ee85a,False,0.009341082747784741,highs,3.8650879167470806e-11,0.5982400154048071,0.619868700184981,0.7949605374280279,0.12020802269669958,3.3164067662767565,13.833294784073932,77.50810405806214
209,3.178819943843406,0.009362939659311564,23,127,107,1d8660ca1f2e6911bec4,True,0.009363246624290177,highs,3.5396294891405534e-11,0.5989597819031127,0.6230383162306513,0.8019569056223317,0.1220611714375284,3.330424737832231,13.926296211166829,78.35464913837734
210,3.1882057824040206,0.009385838560615145,23,127,107,1d8660ca1f2e6911bec4,False,0.009386057238868081,highs,2.629840791189359e-11,0.599689813085968,0.626217119262806,0.8089370940673355,0.12393063811604652,3.344481270691518,14.01984956524263,79.20852674550284
211,3.1976151427999953,0.009409360395975508,23,127,107,1d8660ca1f2e6911bec4,False,0.009409495627969625,highs,1.6129816208857457e-11,0.60043031492646,0.6294038530244376,0.8158993406829073,0.12581444278045312,3.3585765697432097,14.113960301446134,80.06978773794208
212,3.207048623130989,0.00943348033099456,23,127,107,1d8660ca1f2e6911bec4,False,0.009433557730479623,highs,7.265214061920546e-12,0.6011813467553124,0.63259745144458,0.8228421355927977,0.12771091543635668,3.3727107889017063,14.208633869626794,80.93848542850509
213,3.2165067964358762,0.009458173304887296,23,127,107,1d8660ca1f2e6911bec4,False,0.009458244804655817,highs,6.602281626476562e-13,0.6019428817676025,0.6357970441960821,0.8297647455931116,0.12961865498513225,3.386884028872233,14.303875652992112,81.81467449167079
214,3.225990212495194,0.009483416059317129,23,127,107,1d8660ca1f2e6911bec4,False,0.009483480685853047,highs,4.163336342344337e-17,0.6027148469778754,0.639001944311082,0.8366657437774243,0.13153648612273064,3.401096339477392,14.399690940722829,82.698410271185
215,3.235499400575479,0.00950918808028467,23,127,107,1d8660ca1f2e6911bec4,False,0.009509244718669155,highs,1.1102230246251565e-16,0.6034971484902356,0.6422116262781266,0.8435444602746973,0.13346341869222608,3.415347724315623,14.496084921112153,83.58974836149383
216,3.2450348724520306,0.00953547187655257,23,127,107,1d8660ca1f2e6911bec4,False,0.009535519859973501,highs,2.220446049250313e-16,0.6042896867660121,0.6454257008937296,0.8504004538432223,0.1353986117088635,3.4296381462371928,14.593062686279039,84.48874437156829
217,3.2545971253310197,0.009562252878989597,23,127,107,1d8660ca1f2e6911bec4,False,0.009562291819321438,highs,2.7755575615628914e-17,0.6050923652585377,0.6486438904917964,0.8572334724696273,0.13734134285944435,3.4439675327730077,14.690629242686182,85.39545380651855
218,3.26418664447663,0.009589519145610126,23,127,107,1d8660ca1f2e6911bec4,False,0.009589548818553147,highs,1.1102230246251565e-16,0.6059050947844817,0.651866006450796,0.8640434167435466,0.13929098344767987,3.4583357811158963,14.788789523891657,86.3099320224157
219,3.273803905464353,0.009617260987722975,23,127,107,1d8660ca1f2e6911bec4,False,0.009617281380247176,highs,1.734723475976807e-18,0.6067277952594483,0.6550919297980339,0.8708303074316283,0.14124697831453362,3.4727427624690743,14.887548403442924,87.23223422430574
220,3.2834493760497665,0.009645470585412763,23,127,107,1d8660ca1f2e6911bec4,False,0.009645481658940535,highs,7.227057228296613e-13,0.6075603958888859,0.6583215950839788,0.8775942580034691,0.143208830064248,3.4871883257103873,14.986910706788555,88.1624154877527
221,3.2931235176794296,0.00967414162966218,23,127,107,1d8660ca1f2e6911bec4,False,0.009674143292719825,highs,2.9268239000763737e-12,0.6084028345247933,0.6615549773432733,0.8843354520938245,0.1451760868790372,3.501672300401493,15.0868812216937,89.10053079145376
222,3.3028267866881045,0.00970326900867402,23,127,107,1d8660ca1f2e6911bec4,False,0.009703269008674683,highs,4.991432374620393e-12,0.6092550566358732,0.6647920817832117,0.891054125472168,0.1471483332387345,3.516194499211829,15.187464707012559,90.04663505335867
223,3.31255963523207,0.009732848543964945,23,127,107,1d8660ca1f2e6911bec4,False,0.009732848543964844,highs,6.844425828864779e-12,0.6101170141605184,0.6680329357798422,0.8977505519134545,0.14912518293868218,3.5307547198428515,15.288665899878643,91.00078316597346
224,3.32232251200705,0.00976287677498,23,127,107,1d8660ca1f2e6911bec4,False,0.009762876774979773,highs,8.4512921462867e-12,0.6109886643947536,0.6712775827641632,0.9044250323184838,0.15110627389060383,3.545352746538962,15.390489521478012,91.96303002861261
225,3.3321162268611655,0.009793714854116065,23,128,105,a167339d67ec144a7c1f,True,0.009794050498251907,highs,2.168404344971009e-19,0.6117870254053248,0.6743204111699058,0.9108921578071374,0.15305419238162524,3.5599961711780814,15.492892321789881,92.93181514345747
226,3.3419451880276903,0.009828961166523875,23,126,108,80bf24b49eca04347095,True,0.010296030197016555,highs,1.1102230246251565e-16,0.6113682484596696,0.6743425045897069,0.9145448133093645,0.15444595302601055,3.5747603793618405,15.595198783645854,93.88472099669025
227,3.3517885002666983,0.00984331223900714,24,125,109,d8ec7e4bc7562106f9b6,True,0.010245693797822706,highs,5.551115123125783e-17,0.6105930565765849,0.6737098898299564,0.915863911415421,0.1550589576157978,3.5894881067726905,15.697570473736807,94.83322885424661
228,3.3616273530054337,0.009838852738734971,25,127,106,d9b4e837672c0cbfe03a,True,0.010376492650992901,highs,5.421010862427522e-20,0.609323333975654,0.6725110235307742,0.9159451515604059,0.15518519336312764,3.604091653247155,15.799707013053744,95.7722600419977
229,3.3714444235509413,0.009817070545508066,24,127,105,2b340315bbe03e304259,True,0.010391953886387091,highs,1.8604843157355427e-11,0.607779785709458,0.6708801790195611,0.9145919090322538,0.15474356061102051,3.6184749016156954,15.901388636090779,96.70164546455752
230,3.3812324964582694,0.009788072907328083,25,127,106,3621bf0cb3e014cf09c1,True,0.010213242822314441,highs,1.1102230246251565e-16,0.6065798089761253,0.6693689589743372,0.9111169870041442,0.1536359441386806,3.6325269258673933,16.00254997247258,97.62643013377503
231,3.3910004076001976,0.009767911141928654,24,126,107,212e6f8f002ad08ad8d2,True,0.010112088794962606,highs,4.201133606931222e-11,0.6060996315316138,0.6681188691707154,0.9075901147065565,0.15244581078370173,3.6461861376571716,16.10319071645616,98.54660415414375
232,3.4007588921651526,0.009758484564955872,25,125,108,36fcfa13d0430008d8d0,True,0.010066743551017901,highs,0.0,0.6058474520820512,0.6672564316581737,0.9047318912987409,0.15149008090290686,3.659451772053519,16.203365482847747,99.46222549166013
233,3.410516926740103,0.00975803457495017,24,127,105,2b340315bbe03e304259,True,0.010032765142684183,highs,3.897484637619054e-11,0.6059786806378646,0.6667899804910065,0.9027575373365475,0.15088180499706624,3.672348044685723,16.303139639658717,100.37325584766086
234,3.4202821902165725,0.009765263476468888,24,127,105,2b340315bbe03e304259,False,0.010010681097057356,highs,4.2626969572044986e-11,0.6065089153279595,0.6666823727746128,0.9016353938950177,0.15063397163064524,3.6849159808650707,16.402603006512308,101.28018450322517
235,3.4300605325038735,0.009778342287300124,24,126,106,22f3cf94b4d7cf28fced,True,0.009997290751163724,highs,3.7890639619595526e-11,0.6070908389608317,0.6669179088441222,0.9012799385649094,0.15070583984488886,3.697196422910611,16.501837727959412,102.18349078468002
236,3.4398565627004687,0.009796030196593808,25,127,106,359d8fcd703b65366561,True,0.009990957263691858,highs,1.3877787807814457e-17,0.6077173631327791,0.6677694298344394,0.9015772354309386,0.15104116062413714,3.709226766154408,16.600919563620437,103.08372493714648
237,3.449673989545587,0.009817426845117438,25,127,106,359d8fcd703b65366561,False,0.009991161997247163,highs,4.008851736760579e-12,0.6083863567440986,0.6688497839220635,0.9024173812345735,0.151584462423516,3.7210380424191554,16.699913623550408,103.98138766788895
238,3.4595160037215598,0.009842014175974079,25,128,105,69acc026e02d0881604b,True,0.009996168583289722,highs,5.5003837546097586e-12,0.6090961116092434,0.670124074155283,0.9037134671400232,0.1522896214196782,3.732656779341337,16.798880811131795,104.877045429778
239,3.469385293127652,0.009869289406092108,25,128,105,69acc026e02d0881604b,False,0.010004909462822413,highs,1.481141333489944e-11,0.6098452594539312,0.6715630247625677,0.9053820768190224,0.1531179017733476,3.744104428505376,16.897873571753827,105.77122722961619
240,3.479284219666233,0.009898926538582042,24,128,105,69acc026e02d0881604b,False,0.010017141452237522,highs,2.634956244773865e-11,0.6106331670451799,0.6731467713852497,0.9073583832508736,0.15403989943618826,3.755397881725382,16.996937389428684,106.66441667293412
241,3.4892149353939486,0.009930715727714201,24,128,105,69acc026e02d0881604b,False,0.010032584209478205,highs,7.980593906810377e-12,0.611458709874049,0.6748594596578595,0.9095960025579015,0.15503456660892273,3.7665506637505755,17.096112847595307,107.55706817419964
242,3.499179423719639,0.00996448832569019,24,128,105,69acc026e02d0881604b,False,0.010051007019497252,highs,1.9716600712739438e-11,0.6123206550480869,0.6766887570164601,0.9120597034782301,0.15608698497259293,3.7775736883126525,17.195436296752046,108.44960346917301
243,3.5091795324245463,0.010000108704906197,24,128,105,69acc026e02d0881604b,False,0.0100722429055454,highs,2.184781142593372e-11,0.6132175921478832,0.6786688323437595,0.9147227556562096,0.15718679903548688,3.7884758690093205,17.2949405976864,109.34241342476858
244,3.5192169949129557,0.010037462488409421,24,128,105,69acc026e02d0881604b,False,0.010102044910899975,highs,1.7891841213964197e-11,0.6141480033043691,0.680841849678674,0.9175649508908449,0.15832692683311853,3.7992645854654086,17.394655690819604,110.23585981766743
245,3.529293444788945,0.010076449875988658,24,128,105,69acc026e02d0881604b,False,0.010135361754843995,highs,1.1669549883058487e-11,0.6151103323131308,0.6831005760817698,0.9205700952274308,0.1595025723864228,3.809946034522763,17.494609047652336,111.1302775722731
246,3.53941042624862,0.010116981459675767,24,128,105,69acc026e02d0881604b,False,0.010170548253548834,highs,5.609785547209843e-12,0.6161030329140447,0.6854397160222917,0.923725215683078,0.16071049711805424,3.820525489005222,17.594826022290974,112.02597702516255
247,3.549569402029214,0.010158975780594215,24,128,105,69acc026e02d0881604b,False,0.010207488273617967,highs,9.14359434318899e-13,0.6171246051756298,0.6878546034349304,0.9270197372689958,0.16194850224077423,3.831007486509609,17.695330127248788,112.92324609631422
248,3.559771759936387,0.010202357907172832,24,128,105,69acc026e02d0881604b,False,0.0102460795134833,highs,2.7755575615628914e-17,0.6181736195052071,0.6903411225062601,0.9304447175586973,0.163215072288061,3.8413959669292725,17.796143252893796,113.82235230793492
249,3.5700188185268353,0.010247058590448166,24,128,105,69acc026e02d0881604b,False,0.010286230308532235,highs,2.7755575615628914e-17,0.6192487306573291,0.6928955798483039,0.9340117615333922,0.16450913622102076,3.851694373259285,17.897285845418125,114.72354463011366
250,3.58031183225526,0.010293013728424505,24,128,105,69acc026e02d0881604b,False,0.010327857905878101,highs,3.469446951953614e-18,0.6203486842795793,0.6955146324222192,0.9377345008323357,0.1658299112014415,3.8619057265077865,17.998777054290915,115.62705515304988
251,3.590651996240781,0.0103401639855214,24,128,104,08e87608cfee3e211d73,True,0.010370886783265133,highs,3.469446951953614e-18,0.6214723182450648,0.6981952360952627,0.9416248599852425,0.16717680266493187,3.8720326825041944,18.10063485704833,116.5331005956892
252,3.6010404507245073,0.010388454483726495,24,128,104,08e87608cfee3e211d73,False,0.010415249961709408,highs,8.805281087010925e-13,0.6226185605713276,0.7009346077605619,0.9456146579506689,0.16854934165362753,3.88207757606403,18.202876166943422,117.44188366476895
253,3.611478285248464,0.010437834523957079,24,128,104,08e87608cfee3e211d73,False,0.010460891648526347,highs,3.717805005045111e-12,0.6237864252701143,0.7037301963255946,0.9496992478864086,0.16994714615650083,3.8920424562586255,18.305516927302627,118.35359427927811
254,3.6219665425679115,0.010488257319447136,24,128,104,08e87608cfee3e211d73,False,0.010507744088366713,highs,6.849734575858711e-12,0.6249750070794983,0.7065796595314973,0.9538743868306225,0.1713698975256178,3.9019291153263653,18.40857219526839,119.26841067476249
255,3.6325062223032427,0.010539679735331653,24,128,104,08e87608cfee3e211d73,False,0.010555752482288567,highs,1.0086500086052591e-11,0.6261834757195734,0.7094808446801606,0.9581361859715454,0.17281732612469414,3.9117391129287507,18.512056216813797,120.18650040065822
256,3.6430982843375705,0.010592062034328276,24,128,104,08e87608cfee3e211d73,False,0.010604866138515925,highs,1.3287671531575465e-11,0.6274110700826001,0.7124317720738818,0.9624810738157192,0.1742892024934945,3.921473796894439,18.615982494385264,121.10802122239033
257,3.6537436519681235,0.010645367630553348,24,128,104,08e87608cfee3e211d73,False,0.01065503912970035,highs,1.635515623043802e-11,0.6286570926053869,0.7154306204331933,0.9669057662351763,0.1757853317309655,3.931134321224782,18.72036384817931,122.03312193856286
258,3.664443214822078,0.010699562853954347,24,128,104,08e87608cfee3e211d73,False,0.010706229048032272,highs,1.9225328299206413e-11,0.6299209039609679,0.7184757138427289,0.9714072411136975,0.17730554971850176,3.9407216618938885,18.825212471828763,122.96194312229181
259,3.6751978315494136,0.010754616727334465,24,128,104,08e87608cfee3e211d73,False,0.01075856772190711,highs,2.186149975831083e-11,0.6312019181345562,0.7215655099447602,0.9759827162226428,0.17884972038131347,3.950236630820873,18.930539983119807,123.89461779461755
260,3.6860083323066704,0.010810500757257202,24,128,104,08e87608cfee3e211d73,False,0.01081219437980369,highs,2.424728722207916e-11,0.6324995979037153,0.7246985891990148,0.9806296295106454,0.18041773353747845,3.9596798882918427,19.036357470256753,124.83127203697782
261,3.6968755210461546,0.010867188739485112,24,128,104,08e87608cfee3e211d73,False,0.010867188739485053,highs,2.6381067922581775e-11,0.6338134507162034,0.727873645083567,0.9853456213161704,0.1820095030906837,3.969051954043729,19.142675534116748,125.77202554890249
262,3.7078001776251224,0.01092465657896824,24,128,104,08e87608cfee3e211d73,False,0.010924656578968425,highs,2.8271518877955395e-11,0.635143024944335,0.7310894751428116,0.9901285181996475,0.18362496544065698,3.9783532171787623,19.249504326881606,126.71699215639211
263,3.7187830597491343,0.010982882124010995,24,128,104,08e87608cfee3e211d73,False,0.01098288212401087,highs,2.993413340157302e-11,0.6364879064879018,0.7343449728059173,0.9949763181928497,0.18526407804797926,3.987583945048197,19.356853587390006,127.6662802758331
264,3.7298249047631127,0.011041845013978868,24,128,104,08e87608cfee3e211d73,False,0.011041845013978358,highs,3.138856944535474e-11,0.6378477156952829,0.7376391199091541,0.9998871773210215,0.18692681812335185,3.996744291222353,19.464732673517645,128.61999333778022
265,3.740926431302834,0.011101526539721629,24,128,104,08e87608cfee3e211d73,False,0.011101526539721185,highs,3.2656678609644133e-11,0.6392221045726358,0.7409709798620225,1.0048593972814632,0.18861318142621644,4.005834302647484,19.573150591861847,129.57823017447356
266,3.752088340818638,0.011161909515804425,24,128,104,08e87608cfee3e211d73,False,0.011161909515803961,highs,3.3761076160842397e-11,0.6406107542527926,0.7443396914017102,1.0098914141787954,0.19032318116414046,4.014853926076855,19.682116024979848,130.54108537455275
267,3.763311318982282,0.011222978163644814,24,128,104,08e87608cfee3e211d73,False,0.011222978163644634,highs,3.472413166872217e-11,0.6420133726977117,0.7477444628844732,1.0149817882274712,0.19205684698679526,4.023803013852525,19.791637356406085,131.50864960807405
268,3.7745960369869085,0.01128471800462627,24,128,104,08e87608cfee3e211d73,False,0.011284718004626675,highs,3.55672806330926e-11,0.6434296926108225,0.7511845670663877,1.0201291943378634,0.19381422406826104,4.032681329105081,19.901722693651223,132.48100992461423
269,3.7859431527492657,0.011347115762356808,24,128,104,08e87608cfee3e211d73,False,0.01134711576235679,highs,3.6310577288495594e-11,0.6448594695380424,0.7546593363295417,1.0253324135092117,0.19559537227158852,4.041488550430499,20.012379889366642,133.45825002696444
270,3.7973533120225023,0.011410159273236964,24,128,104,08e87608cfee3e211d73,False,0.011410159273235994,highs,3.69724259971646e-11,0.6463024801385601,0.7581681583133776,1.0305903249572026,0.19740036538891254,4.0502242760962925,20.12361656083945,134.44045052266213
271,3.8088271494271186,0.01147383740461727,24,128,104,08e87608cfee3e211d73,False,0.011473837404617448,highs,3.7569442894076396e-11,0.6477585206084573,0.7617104719143497,1.035901898910517,0.19922929045086246,4.058888027822992,20.23544010796767,135.42768915538494
272,3.820365289406969,0.01153813997984976,24,128,104,08e87608cfee3e211d73,False,0.01153813997985071,highs,3.811641108058228e-11,0.6492274052421732,0.7652857636202599,1.0412661900150983,0.20108224709879668,4.067479254181499,20.347857729850148,136.42004101802706
273,3.8319683471165784,0.011603057709609121,24,128,104,08e87608cfee3e211d73,False,0.01160305770960766,highs,3.862630162260541e-11,0.6507089651183735,0.7688935641490184,1.0466823312909914,0.20295934701403126,4.075997333642157,20.46087644011299,137.4175787490987
274,3.8436369292454873,0.01166858212890931,24,128,104,08e87608cfee3e211d73,False,0.011668582128909503,highs,3.91103396882456e-11,0.6522030468983069,0.7725334453641042,1.0521495285910945,0.20486071339853565,4.0844415773071745,20.57450308108252,138.42037271392903
275,3.8553716347848366,0.011734705539349743,24,128,104,08e87608cfee3e211d73,False,0.011734705539348288,highs,3.957810045138274e-11,0.6537095117259256,0.7762050174418815,1.0576670555162684,0.2067864805022041,4.092811231354331,20.688744336904037,139.4284911720062
276,3.8671730557408766,0.011801420956041309,24,128,104,08e87608cfee3e211d73,False,0.011801420956039864,highs,4.0037623470729335e-11,0.6552282342202367,0.7799079262681619,1.0632342487451765,0.2087367931921541,4.10110547921666,20.803606745696477,140.44200043166052
277,3.8790417777997637,0.011868722058888448,24,128,104,08e87608cfee3e211d73,False,0.011868722058888373,highs,4.049553727236764e-11,0.6567591015512878,0.7836418510437732,1.0688505037422626,0.21071180656037025,4.10932344352001,20.91909671082442,141.4609649931819
278,3.8909783809475367,0.01193660314777345,24,128,104,08e87608cfee3e211d73,False,0.011936603147773553,highs,4.0957188160323615e-11,0.6583020125921215,0.7874065020805916,1.074515270809174,0.21271168556584308,4.117464187797788,21.035220511361192,142.4854476813556
279,3.9029834400488603,0.012005059101323656,24,128,104,08e87608cfee3e211d73,False,0.012005059101324165,highs,4.1426768950949865e-11,0.6598568771397676,0.7912016187714961,1.0802280514500542,0.21473660470840258,4.12552671800003,21.15198431181022,143.5155097683114
280,3.9150575253878297,0.012074085338968477,24,128,104,08e87608cfee3e211d73,False,0.012074085338968234,highs,4.190744466955417e-11,0.6614236151990815,0.795026967719165,1.0859883950229108,0.21678674773137707,4.133509983811948,21.269394171145358,144.5512110874949
281,3.927201203173797,0.01214367778596781,24,128,104,08e87608cfee3e211d73,False,0.01214367778596764,highs,4.240147307480788e-11,0.6630021563237971,0.7988823410100494,1.0917958956523954,0.21886230735074064,4.1414128797953795,21.38745605122569,145.59261013949651
282,3.9394150360149847,0.0122138328411876,24,128,104,08e87608cfee3e211d73,False,0.01221383284118758,highs,4.29103187204207e-11,0.664592439009773,0.8027675546212643,1.097650189381357,0.22096348500846102,4.149234246364971,21.506175824635015,146.63976419040512
283,3.951699583362354,0.012284547347369834,24,128,104,08e87608cfee3e211d73,False,0.012284547347369078,highs,4.343475967447546e-11,0.6661944101358565,0.8066824469490823,1.1035509515411053,0.22309049064826042,4.156972870609563,21.625559281991976,147.69272936329347
284,3.9640554019260397,0.01235581856368606,24,128,104,08e87608cfee3e211d73,False,0.012355818563686085,highs,4.397498646479493e-11,0.6678080244482538,0.8106268774489712,1.1094978943218594,0.225243542511982,4.164627486967974,21.74561213877265,148.75156072338783
285,3.976483046066446,0.012427644140406091,24,128,104,08e87608cfee3e211d73,False,0.012427644140407167,highs,4.4530693074527635e-11,0.6694332440846781,0.8146007253778564,1.115490764526652,0.22742286695502956,4.172196777767221,21.8663400416838,149.8163123574251
286,3.988983068161921,0.012500022095474073,24,128,104,08e87608cfee3e211d73,False,0.012500022095475107,highs,4.510116004711913e-11,0.6710700381349062,0.8186038886302764,1.121529341493706,0.2296286982795145,4.179679373630239,21.98774857462162,150.88703744765604
287,4.001556018954773,0.012572950792850701,24,128,104,08e87608cfee3e211d73,False,0.012572950792851013,highs,4.568532987496152e-11,0.6727183822346803,0.8226362826607331,1.1276134351730762,0.23186127858371297,4.187073853759113,22.109843264247875,151.96378834091306
288,4.014202447877259,0.012646428922485242,24,128,104,08e87608cfee3e211d73,False,0.012646428922485244,highs,4.6281874965560384e-11,0.6743782581901945,0.8266978394853141,1.1337428843456514,0.23412085762689502,4.194378746099098,22.232629585212724,153.04661661312602
289,4.026922903359029,0.012720455481771253,24,128,104,08e87608cfee3e211d73,False,0.012720455481771559,highs,4.6889258573933275e-11,0.6760496536306074,0.8307885067562487,1.1399175549724996,0.23640769270830814,4.201592527387771,22.356112965050805,154.13557312963493
290,4.039717933117399,0.01279502975836877,24,128,104,08e87608cfee3e211d73,False,0.012795029758369408,highs,4.7505789060691526e-11,0.677732561686361,0.8349082469035465,1.1461373386643405,0.23872204855935916,4.208713623092963,22.480298788775144,155.23070810161946
291,4.052588084431689,0.012870151314290368,24,128,104,08e87608cfee3e211d73,False,0.012870151314290253,highs,4.812966797726841e-11,0.6794269806911475,0.8390570363385289,1.1524021512618363,0.2410641972482722,4.215740407242433,22.60519240319145,156.3320711389391
292,4.065533904402831,0.01294581997114097,24,128,104,08e87608cfee3e211d73,False,0.012945819971142254,highs,4.875903234824149e-11,0.681132913905689,0.8432348647143445,1.1587119315176735,0.24343441809624464,4.2226712021474935,22.73079912095333,157.43971129965232
293,4.078555940199272,0.013022035796439901,24,128,104,08e87608cfee3e211d73,False,0.013022035796440734,highs,4.939199165456745e-11,0.6828503692615622,0.8474417342391332,1.1650666398727618,0.24583299760449062,4.229504278022224,22.85712422437744,158.5536771364604
294,4.091654739306269,0.013098799106995962,25,128,104,08e87608cfee3e211d73,False,0.013098799174713035,highs,1.1102230246251565e-16,0.6845793587729999,0.851677657641509,1.171466255032472,0.24826022908066148,4.236237854518929,22.98417297194595,159.67401686897995
295,4.104830849652659,0.013176110346391212,25,128,104,08e87608cfee3e211d73,False,0.013176110351906592,highs,1.1102230246251565e-16,0.6863199000844615,0.8559426656749596,1.1779107789535863,0.25071641256315685,4.242870092991255,23.111950590717434,160.8007779988994
296,4.118084820111516,0.013253970458857012,25,128,104,08e87608cfee3e211d73,False,0.013253970458856153,highs,6.617444900424222e-24,0.6880720139820369,0.860236792751023,1.1844002396373488,0.2532018593855515,4.249399104764384,23.240462295572364,161.93400785381877
297,4.131417200389384,0.013332380277868872,25,128,104,08e87608cfee3e211d73,False,0.013332380277868709,highs,0.0,0.6898357240090558,0.8645600835925787,1.1909346706281596,0.2557168837019,4.255822946305668,23.369713282726956,163.07375339205015
298,4.1448285412633386,0.013411340873954458,25,128,104,08e87608cfee3e211d73,False,0.013411340873954106,highs,2.188265830678405e-13,0.6916110577696375,0.8689125930516257,1.1975141217382772,0.25826180580109975,4.262139618367231,23.499708733375055,164.22006125172976
299,4.158319394781899,0.01349085351856072,25,128,104,08e87608cfee3e211d73,False,0.013490853518561677,highs,1.9529460473838246e-12,0.6933980465710156,0.8732943857958838,1.204138659152796,0.26083695290285924,4.268347064956767,23.630453816504975,165.3729777847093
300,4.171890314454989,0.013570919673088433,25,128,104,08e87608cfee3e211d73,False,0.013570919673088757,highs,3.375915774253299e-12,0.6951967251914765,0.8777055358842473,1.2108083651716337,0.26344265950601564,4.274443172236621,23.761953691612078,166.53254908848524
301,4.185541855432387,0.013651540977397403,25,128,104,08e87608cfee3e211d73,False,0.013651540977398305,highs,4.586469954990788e-12,0.6970071316825976,0.8821461262973406,1.2175233376072483,0.26607926748128213,4.280425767331896,23.894213511281706,167.69882103636024
302,4.1992745746713105,0.01373271923892272,25,128,104,08e87608cfee3e211d73,False,0.013732719238923094,highs,5.6443451573907314e-12,0.6988293071976601,0.8866162484722955,1.2242836890208935,0.2687471260318322,4.286292617026152,24.027238423628518,168.87183930587065
303,4.213089031094186,0.013814456422875487,25,128,104,08e87608cfee3e211d73,False,0.013814456422875694,highs,6.587925678343818e-12,0.7006632958418959,0.8911160018661525,1.2310895459193505,0.27144659160102125,4.2920414263297015,24.161033574590725,170.05164940552623
304,4.226985785737854,0.013896754643668352,25,128,104,08e87608cfee3e211d73,False,0.013896754643667058,highs,7.443069574355e-12,0.7025091445404273,0.8956454935579339,1.237941047981281,0.27417802777379835,4.2976698369102495,24.295604110085392,171.23829669993518
305,4.240965401895293,0.0139796161574397,25,128,104,08e87608cfee3e211d73,False,0.013979616157440197,highs,8.227886857065796e-12,0.7043669029204382,0.9002048378915031,1.244838347346767,0.2769418051956116,4.303175425378388,24.430955178034665,172.43182643341004
306,4.255028445250869,0.014063043355576177,25,128,104,08e87608cfee3e211d73,False,0.014063043355575832,highs,8.955475042874638e-12,0.7062366232048978,0.9047941561569228,1.2517816079816801,0.279738301518346,4.308555701421251,24.56709193027469,173.63228375216494
307,4.269175484009867,0.014147038758998143,25,128,104,08e87608cfee3e211d73,False,0.01414703875899663,highs,9.63556087814568e-12,0.7081183601158306,0.9094135763062206,1.25877100511649,0.2825679013748208,4.313808105777547,24.704019524358614,174.83971372521597
308,4.283407089022999,0.014231605013133475,25,128,104,08e87608cfee3e211d73,False,0.01423160501313488,highs,1.0275528473277649e-11,0.7100121707856635,0.9140632326988933,1.2658067247518645,0.2854309963786814,4.318930008045972,24.84174312526453,176.05416136409502
309,4.297723833906432,0.014316744883431376,25,128,104,08e87608cfee3e211d73,False,0.014316744883433803,highs,1.0881088196858323e-11,0.7119181146756305,0.9187432658727545,1.2728889632221878,0.2883279851453563,4.323918704317643,24.980267907017854,177.27567164147857
310,4.312126295157725,0.014402461251290966,25,128,104,08e87608cfee3e211d73,False,0.014402461251291623,highs,1.1456726609377264e-11,0.7138362535004464,0.92345382233627,1.2800179268076983,0.29125927332942675,4.328771414621343,25.119599054236602,178.50428950882758
311,4.3266150522681,0.01448875711037445,25,128,104,08e87608cfee3e211d73,False,0.014488757110374612,highs,1.2006017979563412e-11,0.7157666511586567,0.928195054379012,1.2871938313866598,0.29422527367426343,4.333485280168377,25.259741763606826,179.7400599131227
312,4.341190687831339,0.014575635563238265,25,128,103,5d73e8db566b3efee8a1,True,0.014575635563237002,highs,1.2531845403436192e-11,0.7177093736681067,0.9329671198978247,1.2944169021205651,0.29722640607060763,4.338057360381698,25.40070124529433,180.98302781277022
313,4.3558537876495445,0.014663099818206682,25,128,103,5d73e8db566b3efee8a1,False,0.014663099818208696,highs,1.3036561207033265e-11,0.7196644891061923,0.9377701822363609,1.3016873731670406,0.3002630976217877,4.342484629691576,25.54248272429813,182.23323819274782
314,4.37060494083607,0.014751153186522536,25,128,103,5d73e8db566b3efee8a1,False,0.014751153186523829,highs,1.3522105546155398e-11,0.7216320675544537,0.9426265563849197,1.309005487415793,0.30333578271365663,4.346763974077481,25.68509144175028,183.4907360790493
315,4.385444739915721,0.014839799079651605,25,128,103,5d73e8db566b3efee8a1,False,0.014839799079651755,highs,1.3990095584515527e-11,0.7236121810472211,0.9483397203861719,1.3163714962443813,0.3064449030882292,4.350892187332996,25.828532656166097,184.75556655248204
316,4.4003737809225445,0.014929041006822352,25,128,103,5d73e8db566b3efee8a1,False,0.014929041006824182,highs,1.4441893537261877e-11,0.7256049035239425,0.9540905091301152,1.3237856592916848,0.3095909079205013,4.354865967027324,25.972811644648466,186.02777476186498
317,4.415392663495273,0.015018882572726433,25,128,103,5d73e8db566b3efee8a1,False,0.015018882572727031,highs,1.4878659288643498e-11,0.7276103107850083,0.9598791586185995,1.3312482442460223,0.31277425389745317,4.3586819101331855,26.117933704049207,187.30740593666835
318,4.430501990970637,0.015109327475363088,25,128,103,5d73e8db566b3efee8a1,False,0.015109327475362692,highs,1.5301391540603007e-11,0.7296284804507578,0.9657059101643068,1.3387595266480963,0.31599540529993914,4.362336508286786,26.263904152090674,188.59450539913607
319,4.445702370474688,0.015200379504052286,25,128,103,5d73e8db566b3efee8a1,False,0.015200379504053726,highs,1.571096031408689e-11,0.7316594919234659,0.971571010294639,1.3463197897060803,0.31925483408660027,4.3658261426404845,26.41072832844995,189.88911857592257
320,4.4609944130122745,0.01529204253758465,25,128,103,5d73e8db566b3efee8a1,False,0.015292042537584443,highs,1.610813286809425e-11,0.73370342635207,0.9774747106622403,1.3539293241229506,0.322553019980404,4.369147078263145,26.558411595808124,191.19129100927742
321,4.476378733554754,0.015384320542480623,25,128,103,5d73e8db566b3efee8a1,False,0.01538432054247901,highs,1.6493594487748114e-11,0.7357603665995098,0.9834172679617466,1.3615884279347745,0.3258904505575721,4.372295458036432,26.706959340866838,192.50106836780577
322,4.491855951126148,0.01547721757139442,25,128,103,5d73e8db566b3efee8a1,False,0.015477217571395255,highs,1.6867965313293594e-11,0.7378303972124512,0.9893989438524051,1.3692974063596055,0.32926762133913756,4.3752672959873955,26.856376975334225,193.81849645683124
323,4.507426688887781,0.015570737761633424,25,128,103,5d73e8db566b3efee8a1,False,0.015570737761633747,highs,1.723181399628803e-11,0.7406405227909947,0.9954200048863077,1.3770565716560859,0.3326850358851213,4.37805846998836,27.006669936881913,195.14362122838492
324,4.523091574221542,0.015664885333760203,25,128,103,5d73e8db566b3efee8a1,False,0.01566488533376178,highs,1.7585668856131282e-11,0.7435790967223211,1.0014807224419766,1.3848662429916314,0.3361432058914922,4.380664713744002,27.157843690075158,196.4764887908444
325,4.538851238811872,0.015759664590328626,25,128,103,5d73e8db566b3efee8a1,False,0.015759664590329493,highs,1.793002701089069e-11,0.7465375252986238,1.0075813726630578,1.3927267463193949,0.33964265128995175,4.383081607972267,27.309903727277504,197.81714541824255
326,4.554706318726568,0.01585507991469548,25,128,103,5d73e8db566b3efee8a1,False,0.015855079914695733,highs,1.8265361882946424e-11,0.7495159594959523,1.0137222364018863,1.4006384142639017,0.34318390035068025,4.38530457066975,27.46285556953179,199.16563755926654
327,4.570657454496502,0.015951135769933344,25,128,103,5d73e8db566b3efee8a1,False,0.015951135769933705,highs,1.8592129355555824e-11,0.752514552424058,1.019903599167698,1.4086015860144636,0.34676748978792293,4.387328846332952,27.616704767418675,200.5220118459643
328,4.586705291194335,0.016047836697831386,25,128,103,5d73e8db566b3efee8a1,False,0.016047836697831403,highs,1.8910772850367954e-11,0.7555334593164268,1.0261257510793202,1.4166166072265414,0.3503939648686543,4.389149493983394,27.771456901894396,201.88631510217732
329,4.602850478512308,0.01614518731797343,25,128,103,5d73e8db566b3efee8a1,False,0.016145187317973625,highs,1.9221727484970908e-11,0.7585728375218243,1.0323889868220844,1.4246838299303752,0.35406387952432955,4.3907613738159466,27.927117585108824,203.2585943517144
330,4.6190936708392085,0.0162431923269013,25,128,103,5d73e8db566b3efee8a1,False,0.01624319232690017,highs,1.952542349435667e-11,0.7616328464972022,1.0386936056088067,1.4328036124463681,0.35777779646554214,4.392159132254554,28.083692461205118,204.63889682628184
331,4.635435527336547,0.016341856497339435,25,128,103,5d73e8db566b3efee8a1,False,0.01634185649734063,highs,1.9822289011152914e-11,0.7647136478020728,1.0450399111446518,1.4409763193074354,0.3615362872999596,4.393337185155943,28.241187207102286,206.0272699731855
332,4.6518767120140705,0.016441184677522536,25,128,103,5d73e8db566b3efee8a1,False,0.016441184677521176,highs,2.011275233430601e-11,0.767815405094131,1.051428211595698,1.449202321187395,0.3653399326532611,4.394289698847558,28.39960753326154,207.42376146281674
333,4.668417893804605,0.016541181790535653,25,128,103,5d73e8db566b3efee8a1,False,0.016541181790535833,highs,2.039724375434288e-11,0.7709382841261687,1.0578588195610221,1.4574819948355424,0.3691893222932763,4.3950105686176695,28.5589591844377,208.82841919593608
334,4.685059746638393,0.016641852833787496,25,128,103,5d73e8db566b3efee8a1,False,0.016641852833785414,highs,2.0676196999785575e-11,0.7740824527441883,1.0643320520481963,1.4658157230168904,0.37308505525725927,4.39549339418897,28.71924794041649,210.24129131076617
335,4.701802949516865,0.016743202878473973,25,128,103,5d73e8db566b3efee8a1,False,0.01674320287847497,highs,2.095005038621919e-11,0.7772480808866913,1.070848230451984,1.4742038944579272,0.3770277399823869,4.395731451596412,28.880479616738818,211.66242618990566
336,4.718648186586041,0.016845237069174956,25,128,103,5d73e8db566b3efee8a1,False,0.016845237069173926,highs,2.121924768861981e-11,0.7804353405850406,1.07740768053612,1.482646903797487,0.38101799443937495,4.3957176607471276,29.042660065412804,213.09187246707495
337,4.735596147209464,0.016947960623424407,25,128,103,5d73e8db566b3efee8a1,False,0.016947960623425812,highs,2.1484238795160312e-11,0.7836444059649267,1.0840107324180552,1.491145151542705,0.3850564462694107,4.3954445477542095,29.205795175614515,214.52967903370364
338,4.752647526040882,0.017051378831416386,25,128,103,5d73e8db566b3efee8a1,False,0.01705137883141613,highs,2.1745480173519904e-11,0.7868754532488582,1.0906577205565173,1.4996990440296694,0.3891437329243205,4.394904200890773,29.36989087437816,215.97589504537007
339,4.7698030230965704,0.017155497055688862,25,128,103,5d73e8db566b3efee8a1,False,0.017155497055689042,highs,2.2003435175133213e-11,0.7901286607595834,1.097348983741743,1.5083089933884812,0.39328050180987806,4.394088218683422,29.534953127276506,217.43056992810102
340,4.787063343827483,0.017260320730912326,25,128,103,5d73e8db566b3efee8a1,False,0.017260320730912444,highs,2.2258574205491413e-11,0.7934042089245401,1.104084865088335,1.5169754175128383,0.3974674104326146,4.392987648222325,29.700987939092307,218.89375338454215
341,4.8044291991911745,0.01736585536369173,25,128,103,5d73e8db566b3efee8a1,False,0.017365855363689897,highs,2.251137478129808e-11,0.7967022802811374,1.1108657120305443,1.5256987400335282,0.40170512654975804,4.391592911159255,29.86800135448144,220.36549540000522
342,4.821901305723588,0.0174721065324146,25,128,103,5d73e8db566b3efee8a1,False,0.017472106532415432,highs,2.2762321491555203e-11,0.8000230594829674,1.117691876319947,1.5344793902960245,0.40599432832265014,4.3898937140220315,30.035999458628247,221.8458462484022
343,4.839480385610765,0.01757907988717644,25,128,103,5d73e8db566b3efee8a1,False,0.01757907988717481,highs,2.3011905879409095e-11,0.8033667333068246,1.1245637140253835,1.5433178033416928,0.4103357044734486,4.387878938280698,30.20498837789401,223.33485649807147
344,4.857167166760444,0.017686781149681252,25,128,103,5d73e8db566b3efee8a1,False,0.017686781149679934,highs,2.3260626257710955e-11,0.8067334906605523,1.131481585535079,1.552214419892644,0.4147299544452683,4.385536503879546,30.374974280458865,224.83257701750557
345,4.8749623828736945,0.0177952161132513,25,128,103,5d73e8db566b3efee8a1,False,0.017795216113251144,highs,2.3508987468583336e-11,0.8101235225916985,1.138445855560854,1.5611696863401612,0.41917778856583054,4.382853197413613,30.54596337695796,226.33905898098547
346,4.892866773516523,0.017904390642828893,25,128,103,5d73e8db566b3efee8a1,False,0.017904390642828803,highs,2.3757500599855956e-11,0.8135370222968747,1.1454568931443334,1.5701840547361452,0.42367992821447303,4.379814452303878,30.71796192111219,227.85435387412804
347,4.910881084191545,0.01801431067502257,25,128,103,5d73e8db566b3efee8a1,False,0.018014310675024646,highs,2.400668266446236e-11,0.816974185131889,1.1525150716650876,1.579257982787901,0.42823710599273185,4.3764040624010425,30.890976210354196,229.37851349935372
348,4.929006066409754,0.018124982218206576,25,128,103,5d73e8db566b3efee8a1,False,0.018124982218206895,highs,2.4257056248786805e-11,0.8211584781691932,1.1596207688506501,1.5883919338559471,0.43285006589852754,4.372603800987279,31.065012586450067,230.9115899812793
349,4.947242477762375,0.01823641135261944,25,128,103,5d73e8db566b3efee8a1,False,0.018236411352618373,highs,2.450914914547418e-11,0.8264370228516978,1.166774366788284,1.5975863769546326,0.4375195635038659,4.368392901499967,31.24007743611716,232.45363577204137
350,4.965609219503833,0.01836674174145969,25,124,108,7b16b6b4036db71153fd,True,0.018469688682150757,highs,1.1102230246251565e-16,0.8314362823390622,1.1731424974388256,1.6064411196336348,0.4422602839396239,4.364437571482473,31.417437913585346,234.03033639847337
351,4.984093188309361,0.018483968805526274,25,123,108,38bc37cccb2643ccc8b1,True,0.01915858503440044,highs,1.1102230246251565e-16,0.8357330338346236,1.1785219997277854,1.6164119372177708,0.44566435568816953,4.361315351800621,31.598077442363792,235.66531906117524
352,5.002586818895036,0.018493630585676435,25,123,108,38bc37cccb2643ccc8b1,False,0.01907625657634937,highs,5.551115123125783e-17,0.8400871893681554,1.1839753877027066,1.6189217147746868,0.44584218547927484,4.357109002471992,31.778456827579546,237.3053779884164
353,5.0211678545941005,0.018581035699060777,25,123,108,38bc37cccb2643ccc8b1,False,0.019512555053009473,highs,1.1102230246251565e-16,0.845377671290882,1.190374164119331,1.6243632824390375,0.44689080814503024,4.352605695634131,31.960442588431874,238.97885986686657
354,5.03983057481432,0.01866272022021853,25,123,108,38bc37cccb2643ccc8b1,False,0.020143844022044107,highs,2.7755575615628914e-17,0.8521581490954145,1.19730693852469,1.6300995853413127,0.4478864147409562,4.34782247904087,32.14419531038578,240.69190759123694
355,5.058563858400466,0.018733283586147564,26,122,107,e2fd057891c01116369a,True,0.020812061636324826,highs,2.7755575615628914e-17,0.8594631201890894,1.2045303011121056,1.6351542970797883,0.4484547216015753,4.342548775103499,32.329612355189134,242.44635561621104
356,5.0774192962157025,0.018855437815237686,27,120,111,18a6eacd3c1ddd9567dc,True,0.022030401489655037,highs,1.0842021724855044e-19,0.8670130240419031,1.2112539039664252,1.6412108728987285,0.4507906641206039,4.338377668549386,32.519091480664,244.28450880425132
357,5.096371983663165,0.018952687447463035,27,121,110,3f82bc0c4367a1e0f652,True,0.02259502101963901,highs,5.551115123125783e-17,0.871270119090514,1.2113399333636905,1.636096469283192,0.45361910055094706,4.3362996098804905,32.71212829293969,246.1788032751196
358,5.1153236430851665,0.01895165942200361,27,119,111,86de00ea8c6b20dd2572,True,0.02271227434360883,highs,5.421010862427522e-20,0.8739622259249016,1.208357370312449,1.6252611575853702,0.45577307968788494,4.335475904919285,32.90712815724794,248.1192046032594
359,5.134174448496732,0.018850805411566363,28,120,110,d3315ab7d4fc112c631d,True,0.022909908778273286,highs,2.220446049250313e-16,0.8757456759948727,1.2042171653318632,1.6309719614681935,0.4578677697051884,4.335103119346697,33.10189043430372,250.0686692304061
360,5.153058447636394,0.018883999139662322,28,122,108,b3b0dd2ab147d3cfe8a2,True,0.021397391635743588,highs,1.1102230246251565e-16,0.8740455094003191,1.190799519915613,1.6314982779249125,0.45945385956131685,4.337052330454347,33.296375100525985,251.97700985759568
361,5.171901544503209,0.0188430968668154,29,121,109,8112d886eb1c58373496,True,0.02053581028662844,highs,1.1102230246251565e-16,0.8704234790312426,1.1763266696308259,1.6283259305645799,0.46257970738132304,4.339522987742361,33.489077527125524,253.824985931315
362,5.190582285880031,0.01868074137682285,29,121,108,4344dbd6c78cd4a557ab,True,0.01894492163445321,highs,1.1102230246251565e-16,0.8673158451458205,1.165998970406145,1.62482154528518,0.46654172801296034,4.341471290242312,33.67821747926705,255.59912819011157
363,5.209067900047867,0.018485614167835784,29,122,106,c188bb4663652bbe5726,True,0.018818025803115132,highs,1.1102230246251565e-16,0.8644005029452877,1.1586610540566302,1.6207452526433324,0.47048722087048234,4.343012594765561,33.863508870273456,257.30342019176766
364,5.2273567895121955,0.018288889464331604,29,123,106,ee5743dd8ac6c90b5ba0,True,0.01912002408375563,highs,1.1102230246251565e-16,0.8615658436667715,1.1535246944200606,1.6164562698053095,0.47422284857356517,4.344297329960181,34.045306200831526,258.9515262205201
365,5.245441366760134,0.018084577247938327,30,123,106,c69a8354abd57d8e6a46,True,0.019713420230291677,highs,3.3881317890172014e-21,0.858856431836019,1.1501716290057447,1.6117765120892278,0.47768828421125187,4.345292098298415,34.223644719470904,260.5482811814602
366,5.26331415864143,0.017872791881293537,30,124,105,2aec730ca8cdbc69ce91,True,0.020471579404141762,highs,2.220446049250313e-16,0.8564381863775066,1.1482494262144014,1.6068471254889312,0.48088552062384404,4.345905419266391,34.39845950671604,262.0948107261854
367,5.2809756862067845,0.017661527565353552,30,125,103,2af3fd410305fd387e92,True,0.021161546213079578,highs,2.7883816258730765e-11,0.8542816911382418,1.1476391560781183,1.6019439159032753,0.48384380328057935,4.346070152290111,34.5698289301795,263.5940275079797
368,5.298433951346991,0.017458265140207985,30,123,105,979dee7ce0426fe64f41,True,0.02170564618449401,highs,4.336808689942018e-19,0.8523131751535427,1.1480567390096774,1.5971342885261355,0.486640969676977,4.345765750494589,34.737867169029386,265.0458976693188
369,5.3156998024852395,0.017265851138248856,31,123,105,979dee7ce0426fe64f41,False,0.022202374932676495,highs,3.3306690738754696e-16,0.8505608622011664,1.1494870983209249,1.5925907750985115,0.48932056777916433,4.344948790291471,34.90278498793839,266.4533801734491
370,5.332823487601382,0.017123685116142262,31,124,103,4eedaf0d634dc323c70b,True,0.023001304095457878,highs,5.551115123125783e-17,0.8467862815772724,1.147995332919384,1.5847424562589678,0.49176328370443767,4.343762415527177,35.06426152889302,267.7858727165969
371,5.349885809384132,0.017062321782749912,31,126,102,a4c6793937f1932f1428,True,0.02482892744104272,highs,1.2232859406993149e-11,0.8403681267344923,1.1447287108582078,1.5743081517985167,0.4944296667710505,4.342272873895437,35.22294886806269,269.0357070341988
372,5.366954423311465,0.017068613927333054,31,126,100,c92f460582c01f24cf61,True,0.023395517779532193,highs,2.9523153171451376e-11,0.8314465753149667,1.1433153945832915,1.5664911553539067,0.482835308669336,4.340935586889347,35.3844797180824,270.31860150050943
373,5.384067634120179,0.01711321080871464,31,126,101,2358322570f218e28abb,True,0.021962517757450686,highs,3.255296745846025e-11,0.8223485455649429,1.1389150485116777,1.5671894412621163,0.46736194300598444,4.340279803245525,35.550890380217695,271.6867447492376
374,5.401154667920895,0.017087033800714302,31,126,99,57ca9b38e28a9f3a08c5,True,0.020015311671656422,highs,7.403268178390308e-12,0.8143563007200273,1.1309389608444937,1.5633262197325224,0.45616148303497217,4.339900494755764,35.71910442807555,273.08887111948377
375,5.418161913926013,0.017007246005118937,31,126,100,65b2e0202f3a259cc7c7,True,0.018693429738754583,highs,2.135406728297356e-11,0.8062579856362841,1.1209491693399614,1.5546912448848298,0.44511931436968344,4.339704422284022,35.88808643671292,274.5123875077268
376,5.435048909592513,0.01688699566649987,31,126,101,83fc15d6f402668ef006,True,0.017679803567809665,highs,2.1532870206083873e-11,0.7987434551002147,1.1095113335935367,1.542590670506464,0.43394672697006814,4.339634302420539,36.057069863558574,275.9473715917957
377,5.4517848420053125,0.016735932412799137,31,126,101,2c70943524bb81ab7038,True,0.017292926038142982,highs,1.9670941607290443e-11,0.7910113700742721,1.0969700945474683,1.527896525532436,0.42262905548315766,4.339634375008028,36.225463193888984,277.38609938511956
378,5.468346243898462,0.01656140189315014,31,126,101,2c70943524bb81ab7038,False,0.017037520408112565,highs,1.7919486892229128e-11,0.782932774265506,1.0835715007490752,1.5112345911899399,0.41120253001828827,4.3396543495599325,36.39280782702374,278.8224998882441
379,5.484715336780297,0.016369092881835634,31,126,103,670fed480e478d74c8a2,True,0.016780286903791845,highs,5.551115123125783e-17,0.7745924474265861,1.0695315597105846,1.4930835309739767,0.3997085710713528,4.339652939509072,36.55875655260952,280.25206910422486
380,5.500878685364155,0.016163348583855708,31,125,102,1cfedc58a6a07a916567,True,0.016522182859594448,highs,1.6622765755321006e-12,0.7660478607199785,1.0550968469236133,1.473811861023365,0.3882082900011382,4.339596025508172,36.7230381829545,281.6712293883662
381,5.51682630212464,0.015947616760486838,31,125,101,834620137f3cc2f5d526,True,0.01626348146634672,highs,4.036970796570137e-11,0.7573602708373455,1.040616301539338,1.4537174571167388,0.37675291309963144,4.339456500945379,36.88544538838165,283.0772289560317
382,5.532550929867994,0.015724627743352038,31,126,101,ce6965a5eb03fe7c25f9,True,0.016004872793292105,highs,2.970061127247162e-11,0.748578778201517,1.0258985221187171,1.4330370903320016,0.3653882044986083,4.339213481190499,37.04582105635248,284.4679596592036
383,5.548047471144772,0.015496541276778686,31,126,102,58c3884dee10f4f03480,True,0.01574692050408079,highs,5.551115123125783e-17,0.7397428387260593,1.011168869255654,1.4120139239013558,0.3541529034328972,4.338851324180264,37.20404785568898,285.8418258052758
384,5.563312541246494,0.015265070101723843,31,126,101,89aba3560d852ecf1f16,True,0.015489826079311694,highs,1.2944616156706638e-11,0.7308842912045397,0.9964897196749498,1.3906966600872548,0.34307925411564943,4.338358731835568,37.360039813695344,287.1976321372207
385,5.578344115420599,0.015031574174105167,31,127,100,96a65978a4c14aae1ae6,True,0.015234018143477369,highs,2.3573210613118685e-11,0.7220288834760865,0.9817492889151574,1.3692038345745585,0.3321932785135085,4.337727954471859,37.51373583512745,288.53450144738815
386,5.5931412970058805,0.014797181585282537,31,125,101,b42057fbec45d4a4c48f,True,0.014982139611489904,highs,2.5194108712033206e-11,0.7131976295421899,0.9669964610079052,1.3476255322729858,0.3215232180069058,4.33695326130376,37.665088090803486,289.85154226495627
387,5.607704076641038,0.014562779635156176,31,125,101,b42057fbec45d4a4c48f,False,0.014734552963351445,highs,2.443336892589975e-11,0.7044020579110686,0.9522707685807341,1.326026726484594,0.31107099175672737,4.336031687079446,37.81407097096102,291.1481757938771
388,5.6220328071613475,0.014328730520309918,31,125,100,405c20c6cc0c88129a2f,True,0.014480900447684688,highs,2.3153388367275905e-11,0.6956524551368851,0.9376051905493588,1.304463470346331,0.3008236177358906,4.334963732980969,37.960682747303935,292.4245251472162
389,5.636128327191848,0.014095520030501518,31,126,99,3eda8f2f14d15ce7e294,True,0.014230311845186678,highs,2.1862298595254612e-11,0.6869692798006481,0.9230183318598452,1.2829925691993638,0.29083108794624646,4.333749263780362,38.10490670419633,293.68025305904985
390,5.649991948301174,0.013863621109326374,31,127,99,2394b7e8e60f56e6cd83,True,0.013981282416905248,highs,2.0685421726786317e-11,0.6783576654002154,0.9085358353797807,1.2616486638722488,0.2810868189498412,4.332389619396156,38.24674348667597,294.91529871574863
391,5.663625362337097,0.01363341403592333,31,127,100,6da44e49ab284b6137bb,True,0.0137347528594074,highs,2.382668890495367e-11,0.6698267735898964,0.8941770331683077,1.2404629629696338,0.2715986136527914,4.330886807934393,38.38619827279882,296.1296169909736
392,5.67703061357769,0.01340525124059333,31,127,99,0fcd3ae19729d1bbd95c,True,0.013491085495875944,highs,1.7131343079605978e-11,0.661383665534476,0.8799589940374907,1.2194665245263465,0.2623693938204523,4.329243678708199,38.523282897070104,297.32324668343335
393,5.690210038151847,0.013179424574154552,31,127,99,0fcd3ae19729d1bbd95c,False,0.013250586074091707,highs,1.4037591249945013e-11,0.6530338577504529,0.8658954348217612,1.1986856175453737,0.2534004526385995,4.3274637826255695,38.65801456677026,298.49629231638914
394,5.703166210656602,0.012956172504751784,31,127,99,0fcd3ae19729d1bbd95c,False,0.013013487616741225,highs,1.499069582587422e-11,0.6447819404033583,0.8519976479521177,1.1782649844056934,0.24469147282357664,4.325551236843932,38.7904149551041,299.64891367476343
395,5.71590189690129,0.01273568624469057,31,127,99,0fcd3ae19729d1bbd95c,False,0.012779955451384988,highs,1.6005751600267097e-11,0.6366314608500098,0.838274590551377,1.1580902799326864,0.23624078203068746,4.3235106066762246,38.920509398673765,300.78131634813496
396,5.728420012306693,0.012518115405403485,31,127,99,0fcd3ae19729d1bbd95c,False,0.012550103682267898,highs,1.636231262660406e-11,0.6285851182752875,0.8247331716836255,1.138175034015294,0.22804561632872092,4.321346798046818,39.04832617027658,301.8937428348995
397,5.7407235858588175,0.01230357355212508,31,127,99,0fcd3ae19729d1bbd95c,False,0.012324084250833058,highs,1.6229853603077756e-11,0.6206448598135728,0.8113785292766043,1.1185301494711783,0.2201023272620427,4.319064964826277,39.17389584933769,302.9864648503347
398,5.752815729176186,0.012092143317368631,31,127,99,0fcd3ae19729d1bbd95c,False,0.012106031964092566,highs,1.5879022297096437e-11,0.6128119878477754,0.7982142825535032,1.0991636821765352,0.2124065639813661,4.316670429683508,39.29725077939882,304.0597766708536
399,5.764699610198136,0.011883881021949705,31,127,99,0fcd3ae19729d1bbd95c,False,0.011893899002754168,highs,1.547464680168262e-11,0.6050872552816969,0.7852427588566341,1.0800812589502038,0.20495342766988378,4.314168617358542,39.41842460561641,305.11398945179235
400,5.776378430976213,0.011678820778078247,31,127,99,0fcd3ae19729d1bbd95c,False,0.011685298900015099,highs,1.5086502140485803e-11,0.5974709500401815,0.7724651944572115,1.0612864498853982,0.19773760203536472,4.311564999020052,39.53745188366359,306.1494264205576
401,5.787855409063712,0.011476978087499923,31,127,99,0fcd3ae19729d1bbd95c,False,0.01148020743670574,highs,1.4731025343363914e-11,0.5899629684902518,0.7598819362122122,1.042781095840418,0.19075346281328603,4.308865046335081,39.654367751445676,307.1664188433327
402,5.799133762031197,0.01127835296748625,31,127,99,0fcd3ae19729d1bbd95c,False,0.011278590019495955,highs,1.440217478333143e-11,0.5825628793289988,0.7474925236238799,1.0245655937452927,0.1839951690553054,4.30607419394247,39.769207655497375,308.1653026671303
403,5.810216694678074,0.011082932646876209,31,127,99,0fcd3ae19729d1bbd95c,False,0.011082941368952146,highs,1.408822695816877e-11,0.5752699787812019,0.7352958768119032,1.006639172473024,0.17745673876794504,4.303197809125178,39.88200712458696,309.14641574567474
404,5.821107388555637,0.010890693877562363,31,127,99,0fcd3ae19729d1bbd95c,False,0.010890701518240151,highs,1.3779016206604362e-11,0.5680833380874046,0.7232904066874961,0.9890000154694993,0.1711321111949765,4.3002411676006185,39.99280158380843,310.11009556622633
405,5.831808993462206,0.010701604906570239,31,127,99,0fcd3ae19729d1bbd95c,False,0.010701611509300997,highs,1.3468095948225505e-11,0.5610018442141285,0.7114741033681947,0.9716455333571903,0.16501519776885937,4.297209434476759,40.101626203211296,311.0566774035804
406,5.8423246206135815,0.010515627151377771,31,127,99,0fcd3ae19729d1bbd95c,False,0.010515632758277124,highs,1.315263860578828e-11,0.5540242346453086,0.6998446183059808,0.9545724873382629,0.15909992349693156,4.294107649545266,40.20851577575553,311.98649283643044
407,5.852657337231212,0.010332716617629245,31,127,99,0fcd3ae19729d1bbd95c,False,0.01033272126885374,highs,1.2832562475762495e-11,0.5471491270315896,0.6883993345155788,0.9377771195347422,0.15338026030661106,4.29094071619766,40.313504620062716,312.89986856969466
408,5.862810162325688,0.010152825094476015,31,127,99,0fcd3ae19729d1bbd95c,False,0.010152828827943584,highs,1.2509565034410731e-11,0.5403750443902031,0.6771354254046218,0.9212552657828545,0.14785025365683852,4.287713393353514,40.416626504052935,313.797125514071
409,5.87278606348458,0.009975901158890466,31,127,99,0fcd3ae19729d1bbd95c,False,0.009975904010175158,highs,1.2186317858825142e-11,0.5337004364669731,0.6660499044900332,0.905002448838702,0.14250404352932206,4.284430289881096,40.517914586108006,314.67857808095215
410,5.882587954500917,0.009801891016338438,31,127,99,0fcd3ae19729d1bbd95c,False,0.009801893018702258,highs,1.1865881000022567e-11,0.5271236977964313,0.6551396671435086,0.8890139476687173,0.137335880744488,4.281095861070264,40.61740137088617,315.54453365688994
411,5.892218693702748,0.009630739201831773,31,127,99,0fcd3ae19729d1bbd95c,False,0.009630740386302091,highs,1.1551315570285318e-11,0.5206431829270777,0.6444015255192871,0.8732848748051975,0.13234013940000464,4.277714406786396,40.715118677336505,316.39529222709916
412,5.901681082864792,0.009462389162044893,31,127,99,0fcd3ae19729d1bbd95c,False,0.009462389811732311,highs,1.1245450016914897e-11,0.5142572192173148,0.6338325174332844,0.8578102264865384,0.1275113261044658,4.274290070993134,40.81109761682775,317.2311461220872
413,5.910977866601254,0.009296783736459702,31,127,99,0fcd3ae19729d1bbd95c,False,0.009296784256178999,highs,1.0950755720386504e-11,0.5079641175527294,0.6234290873274579,0.842584927935447,0.12284408657102476,4.270826842381879,40.90536857962312,318.0523798654609
414,5.920111732154086,0.009133865552832354,31,127,99,0fcd3ae19729d1bbd95c,False,0.009133865940939534,highs,1.0669295589261639e-11,0.5022553191723703,0.6131879461172478,0.827603870742198,0.11833321004421762,4.267328555889108,40.99796122820369,318.85927010437683
415,5.92908530950438,0.008973577350294804,31,127,99,0fcd3ae19729d1bbd95c,False,0.008973577610671607,highs,1.0402718677753217e-11,0.4974773923217092,0.6031058197904995,0.8128619435550511,0.11397363195623512,4.263798894918483,41.088904496176625,319.65208560701194
416,5.937901171745634,0.008815862241256411,31,127,99,0fcd3ae19729d1bbd95c,False,0.008815862373685519,highs,1.0152281910901621e-11,0.4927683638182569,0.5931794538720012,0.7983540571078422,0.10976043514321553,4.260241394115484,41.17822659170286,320.43108731392834
417,5.946561835667468,0.008660663921836509,31,127,99,0fcd3ae19729d1bbd95c,False,0.00866066393587141,highs,9.918886250359815e-12,0.4881269433420422,0.5834056242357393,0.7840751644654951,0.10568884989740021,4.256659442568072,41.26595500454871,321.1965284323228
418,5.955069762506411,0.008507926838943192,31,127,99,0fcd3ae19729d1bbd95c,False,0.008507926851039318,highs,9.703119149057313e-12,0.48355185496449554,0.5737811457568722,0.7700202772393495,0.10175425308438253,4.253056287328561,41.352116516010376,321.9486545639592
419,5.963427358827485,0.008357596321074467,31,127,99,0fcd3ae19729d1bbd95c,False,0.008357596331281386,highs,9.505298240932317e-12,0.4790418388721184,0.5643028791449742,0.7561844784431111,0.09795216651638494,4.249435037170025,41.43673721108273,322.6877038591066
420,5.971636977506199,0.008209618678712616,31,127,99,0fcd3ae19729d1bbd95c,False,0.008209618687090112,highs,9.325513332601424e-12,0.47459565273819626,0.5549677362498247,0.7425629324181833,0.09427825473944952,4.2457986665060155,41.51984249234813,323.41390719010576
421,5.9797009187855945,0.008063941279395692,31,127,99,0fcd3ae19729d1bbd95c,False,0.00806394128601235,highs,9.163665099392407e-12,0.4702120727944701,0.5457726840875075,0.7291508924278884,0.0907283223656076,4.242150019415018,41.60145709514923,324.1274883392799
422,5.987621431387329,0.0079205126017321,31,127,99,0fcd3ae19729d1bbd95c,False,0.007920512606655817,highs,9.019499779185008e-12,0.465889894647107,0.5367147477976607,0.715943706348799,0.0872983110580891,4.238491813721886,41.68160510368406,324.82866419683035
423,5.995400713659275,0.0077792822719446875,31,127,99,0fcd3ae19729d1bbd95c,False,0.007779282275254318,highs,8.892639655539782e-12,0.46162793387542117,0.5277910127109023,0.7029368206043299,0.0839842962586975,4.234826645097435,41.76030996772536,325.5176449651399
424,6.003040914745365,0.007640201086088538,31,127,99,0fcd3ae19729d1bbd95c,False,0.007640201087856367,highs,8.782609463478753e-12,0.45742502644652955,0.5189986256784067,0.6901257827668323,0.08078248373056326,4.2311569911448235,41.83759451971877,326.19463436655997
425,6.010544135765782,0.007503221020416007,31,127,99,0fcd3ae19729d1bbd95c,False,0.007503221020720737,highs,8.68885898794925e-12,0.45328002897430597,0.5103347957925133,0.6775062430334446,0.07768920597619952,4.227485215447725,41.91348099206001,326.8598298523137
426,6.017912430997971,0.007368295232188515,31,127,99,0fcd3ae19729d1bbd95c,False,0.007368295232187764,highs,8.610782227561221e-12,0.4491918188478477,0.5017967946071863,0.6650739547782398,0.0747009185799809,4.223813571560199,41.98799103438806,327.51342281060215
427,6.025147809050652,0.007235378052682151,31,127,99,0fcd3ae19729d1bbd95c,False,0.00723537805268191,highs,8.547733508990354e-12,0.4451592942497412,0.4933819559508573,0.6528247743523713,0.0718141965143484,4.220144206922943,42.06114573076427,328.1555987724
428,6.032252234024641,0.007104424973989332,31,127,99,0fcd3ae19729d1bbd95c,False,0.007104424973989682,highs,8.499040930314058e-12,0.44118137408334546,0.485087675409135,0.6407546602766334,0.06902573044228448,4.216479166693674,42.13296561663262,328.7865376137369
429,6.0392276266555145,0.006975392630873323,31,127,99,0fcd3ae19729d1bbd95c,False,0.006975392630873189,highs,8.464017503052605e-12,0.43725699782404015,0.4769114095432158,0.628859671947849,0.06633232304135277,4.212820397482835,42.2034706954797,329.4064137535414
430,6.046075865434305,0.006848238778791149,31,127,99,0fcd3ae19729d1bbd95c,False,0.006848238778789229,highs,8.44197029663675e-12,0.4333851253083578,0.4688506748989878,0.6171359679611879,0.06373088536994528,4.209169750987865,42.27268045513078,330.01539634634173
431,6.052798787703272,0.006722922268967757,31,127,99,0fcd3ae19729d1bbd95c,False,0.006722922268965864,highs,8.432207907189429e-12,0.4295647364723551,0.4609030468532339,0.6055798041341076,0.06121843329170552,4.205528987521621,42.34061388363409,330.61364946930536
432,6.059398190724569,0.006599403021298578,31,127,99,0fcd3ae19729d1bbd95c,False,0.006599403021300066,highs,8.434046469781305e-12,0.4257948310490476,0.45306615833559744,0.5941875313030422,0.0587920839704668,4.201899779431942,42.4072894846983,331.2013323032527
433,6.065875832720263,0.006477641995692451,31,127,99,0fcd3ae19729d1bbd95c,False,0.006477641995694379,highs,8.44681446952275e-12,0.4220744282336084,0.44533769845870663,0.58295559295261,0.056449052445272145,4.198283714410864,42.47272529265858,331.77859930740306
434,6.072233433882614,0.006357601162350512,31,127,99,0fcd3ae19729d1bbd95c,False,0.006364144664536423,highs,8.469856518256318e-12,0.418402566323233,0.43771541108330414,0.5718805227267889,0.05418664829232303,4.194682298692969,42.53693888695539,332.3456003877176
435,6.078472677354063,0.006239243471449107,31,127,99,0fcd3ae19729d1bbd95c,False,0.0062574753693225476,highs,8.502536277388362e-12,0.41477830233791957,0.4301970933407259,0.5609589418625337,0.052002272378781175,4.191096960143328,42.59994740611735,332.9024810587831
436,6.084595210176623,0.006122532822559812,31,127,99,0fcd3ae19729d1bbd95c,False,0.006152332720164051,highs,8.54423866049309e-12,0.41120071162749006,0.42278059413104785,0.5501875565800165,0.04989341371185664,4.1875290512361225,42.66176756124517,333.44938259925004
437,6.09060264421067,0.0060074340340490195,31,127,99,0fcd3ae19729d1bbd95c,False,0.006048689043374633,highs,8.594371436266108e-12,0.4076688874689549,0.4154638126120116,0.5395631554564323,0.0478576463849142,4.183979851925665,42.722415648998386,333.98644220089045
438,6.0964965570234355,0.005893912812766189,31,127,99,0fcd3ae19729d1bbd95c,False,0.00594651718841366,highs,8.65236633785604e-12,0.4041819406581144,0.4082446966909798,0.5290826068060883,0.04589262662159077,4.180450572411912,42.781907564090375,334.51379311138516
439,6.102278492747535,0.00578193572409802,31,127,99,0fcd3ae19729d1bbd95c,False,0.005845790519072363,highs,8.717679760733292e-12,0.40073899909861677,0.40112124152976736,0.5187428560844871,0.04399608991788358,4.176942355802897,42.84025881130003,335.03156477097775
440,6.107949962910168,0.00567147016263192,31,127,99,0fcd3ae19729d1bbd95c,False,0.005746482903916058,highs,8.789793123561687e-12,0.39733920739060374,0.39409148807041494,0.5085409233308943,0.042165848281337154,4.173456280676824,42.89748451701085,335.5398829431656
441,6.11351244723362,0.005562484323452743,31,127,99,0fcd3ae19729d1bbd95c,False,0.005648568706463488,highs,8.868212956487637e-12,0.39398172642160906,0.38824275291878124,0.49847390066054853,0.04039978756621397,4.169993363546659,42.9535994402896,336.0388698396075
442,6.118967394407847,0.005454947174230895,31,127,99,0fcd3ae19729d1bbd95c,False,0.005552022775008382,highs,8.952470766196473e-12,0.3906657329612226,0.3826868562691559,0.48853894981523005,0.03869586490283622,4.166554561230234,43.00861798351866,336.52864423944743
443,6.124316222835967,0.005348828428118679,31,127,99,0fcd3ae19729d1bbd95c,False,0.005456820432191225,highs,9.042122719459452e-12,0.38739041926082446,0.3772022755299072,0.47873329977877055,0.0370521062190052,4.16314077312894,43.06255420259639,337.00932160325897
444,6.129560321353444,0.005244098517476203,31,127,99,0fcd3ae19729d1bbd95c,False,0.005362937464616666,highs,9.136749191618622e-12,0.3841549926599532,0.37178755823050197,0.4690542444620777,0.03546660385130041,4.159752843418078,43.115421816720755,337.48101418182057
445,6.134701049921956,0.005140728568513886,31,127,99,0fcd3ae19729d1bbd95c,False,0.005270350112247525,highs,9.235954196938226e-12,0.3809586751996503,0.36644128362813944,0.4594991404611589,0.033937514243612146,4.15639156315205,43.16723421777199,337.9438311199357
446,6.139739740298793,0.0050386903768373514,31,127,99,0fcd3ae19729d1bbd95c,False,0.0051790350580642516,highs,9.339364737565996e-12,0.37780070324422477,0.36116206168020737,0.4500654048902612,0.032463055730530335,4.153057672287396,43.218004479309826,338.39787855550793
447,6.144677696682654,0.004937956383863629,31,127,99,0fcd3ae19729d1bbd95c,False,0.005088969417573791,highs,9.446630091490838e-12,0.37468032711116883,0.3559485320508689,0.4407505132907585,0.031041506402588126,4.14975186162682,43.26774536520115,338.84325971408396
448,6.1495161963368385,0.004838499654182371,31,127,99,0fcd3ae19729d1bbd95c,False,0.005000130728645405,highs,9.557421046573158e-12,0.3715968107103848,0.3507993631524708,0.43155199761662894,0.029671202050936644,4.146474774687118,43.31646933789352,339.28007499906766
449,6.1542564901906,0.0047402938537617345,31,127,99,0fcd3ae19729d1bbd95c,False,0.004912496941344914,highs,9.671429115802941e-12,0.36854943119238337,0.3457132512210837,0.4224674442955925,0.028350534188454655,4.143227009494048,43.36418856635004,339.7084220778119
450,6.158899803419652,0.004643313229052204,31,127,99,0fcd3ae19729d1bbd95c,False,0.004826046408097068,highs,9.788365720358152e-12,0.36553747860611985,0.34068891942611845,0.413494492365182,0.027077948144730156,4.140009120306842,43.410914933660315,340.1283959637784
451,6.163447336006612,0.004547532586959946,31,127,99,0fcd3ae19729d1bbd95c,False,0.004740757873872477,highs,9.90796137751789e-12,0.3625602555660661,0.33572511701316543,0.40463083168252867,0.025851941232089528,4.13682161927531,43.4566600443423,340.54008909496156
452,6.167900263282202,0.004452927275591101,31,127,99,0fcd3ae19729d1bbd95c,False,0.004656610466792275,highs,1.0029964875989046e-11,0.3596170769290524,0.3308206184795216,0.3958742012058411,0.02467106098012143,4.133664978032074,43.50143523134899,340.94359140875525
453,6.172259736448081,0.0043594731658798125,31,127,99,0fcd3ae19729d1bbd95c,False,0.004590990879530323,highs,1.0154142468449207e-11,0.35670726948027637,0.32597422278138766,0.38722238734581627,0.023533903435968832,4.130539629222625,43.54525156279372,341.3389904134411
454,6.176526883082004,0.004267146633924135,31,127,99,0fcd3ae19729d1bbd95c,False,0.004528240624316214,highs,1.0280277064710456e-11,0.3538301716289456,0.3211847525720033,0.37867322238493084,0.022439111528007247,4.127445967975625,43.58811984840712,341.726371256466
455,6.1807028076261314,0.00417592454412663,31,127,99,0fcd3ae19729d1bbd95c,False,0.004466493300288485,highs,1.0408167452642099e-11,0.3509851331128103,0.31645105346946323,0.3702245829621888,0.021385373490279337,4.124384353315929,43.630050645738386,342.1058167896732
456,6.184788591859139,0.0040857842330055405,31,127,99,0fcd3ae19729d1bbd95c,False,0.00440573207764178,highs,1.0537627524808465e-11,0.3481715147120259,0.31177199335354755,0.36187438862107935,0.020371421345460394,4.121355109522626,43.671054266112975,342.4774076316378
457,6.1887852953528775,0.003996703493740483,31,127,99,0fcd3ae19729d1bbd95c,False,0.004345940467008964,highs,1.0668485540273093e-11,0.34538868797168426,0.30714646169025006,0.3536206004184012,0.019396029443940616,4.118358527434274,43.711140780358264,342.8412222272565
458,6.192693955914233,0.003908660561355859,31,127,99,0fcd3ae19729d1bbd95c,False,0.004287102310211319,highs,1.0800583396893431e-11,0.342636034932944,0.3025733688829527,0.34546121959122483,0.018458013056810444,4.115394865703516,43.75032002430834,343.1973369047329
459,6.196515590012789,0.0038216340985552932,31,127,99,0fcd3ae19729d1bbd95c,False,0.004229201771349387,highs,1.0933775940128386e-11,0.33991294787267606,0.29805164564943454,0.3373942862802003,0.017556227020698426,4.112464352003105,43.78860160409822,343.5458259300881
460,6.200251193194932,0.0037356031821431657,31,128,99,bbc1c59afae952d93247,True,0.004172223328098233,highs,1.106793028717687e-11,0.33721882905111583,0.29358024242333236,0.3294178783060223,0.016689564432264742,4.109567184185275,43.8259949012578,343.88676155932774
461,6.203901740484966,0.003650547290035,31,128,99,bbc1c59afae952d93247,False,0.0041161517633564555,highs,1.12029251851597e-11,0.33455309046748183,0.2891581287792939,0.32153010999740483,0.01585695539049122,4.106703531396356,43.86250907761499,344.22021408838134
462,6.207468186773811,0.003566446288841618,31,128,99,bbc1c59afae952d93247,False,0.004060972157127779,highs,1.1338650391336517e-11,0.33191515362318735,0.28478429288063134,0.3137291310678795,0.015057365784802074,4.1038735351484,43.89815308001704,344.5462519009323
463,6.210951467195733,0.0034832804219213642,31,128,99,bbc1c59afae952d93247,False,0.004006669878735585,highs,1.1475006080394338e-11,0.3293044492924821,0.28045774094859166,0.30601312553924126,0.014289796127224936,4.10107731034954,43.93293564487884,344.8649415142425
464,6.214352497493719,0.0034010302979874396,31,128,99,bbc1c59afae952d93247,False,0.003953230579252796,highs,1.1611902279569546e-11,0.32672041730016915,0.27617749675221026,0.2983803107095525,0.01355328042683467,4.098314946294727,43.96686530256622,345.1763476230765
465,6.217672174373907,0.0033196768801859733,31,128,99,bbc1c59afae952d93247,False,0.0039006401842221557,highs,1.1749258326965519e-11,0.3241625063061844,0.27194260111785207,0.2908289361634415,0.01284688510480568,4.095586507618405,43.99995038162212,345.48053314182073
466,6.2209113758494885,0.00323920147558443,31,128,99,bbc1c59afae952d93247,False,0.0038488848866402225,highs,1.1887002357914432e-11,0.321630173596864,0.2677521114575508,0.2833572828229903,0.012169707948511532,4.092892035210554,44.032199012842966,345.7775592448894
467,6.224070961574623,0.0031595857251351944,31,128,99,bbc1c59afae952d93247,False,0.003797951140157439,highs,1.2025070812981909e-11,0.3217074457667216,0.26360510131520953,0.275963662036785,0.011520877103075916,4.0902315470976855,44.06361913321221,346.0674854055034
468,6.2271517731686705,0.00308081159404594,31,128,99,bbc1c59afae952d93247,False,0.0037478256525744166,highs,1.2163407972861926e-11,0.3217792514885049,0.25950065992993626,0.26864641470572176,0.0108995500989842,4.087605039289928,44.094218489697624,346.3503694329238
469,6.2301546345311545,0.0030028613624866196,31,128,99,bbc1c59afae952d93247,False,0.0036984953794908983,highs,1.2301965514601353e-11,0.3218431194819428,0.2554378918156019,0.261403910443455,0.010304912914289654,4.085012486595689,44.12400464291869,346.6262675082178
470,6.233080352147899,0.002925717616745871,31,128,99,bbc1c59afae952d93247,False,0.0036499475182312775,highs,1.2440702090341011e-11,0.32189910383733994,0.2514159163559124,0.2542345467700235,0.009736179070130089,4.082453843405101,44.15298497068993,346.89523421862884
471,6.235929715388582,0.002849363240682301,31,128,99,bbc1c59afae952d93247,False,0.003602169501998207,highs,1.2579582929699272e-11,0.32194725814523645,0.24743386741430448,0.2471367483368468,0.009192588758245366,4.0799290444432845,44.18116667144575,347.1573225906202
472,6.238703496796088,0.002773781407507059,31,128,99,bbc1c59afae952d93247,False,0.0035551489941961665,highs,1.271857945930082e-11,0.3219876354567061,0.243490892957884,0.24010896618153413,0.008673407999271795,4.077438005494777,44.20855676755221,347.41258412165666
473,6.241402452368015,0.0026989555719270086,31,128,99,bbc1c59afae952d93247,False,0.0035088738829062273,highs,1.2857668946843745e-11,0.3220264492487709,0.23958615469469285,0.2331496770112077,0.008177927830640697,4.074980624100066,44.23516210851067,347.66106881078707
474,6.24402732183055,0.002624869462535706,31,128,99,bbc1c59afae952d93247,False,0.0034633322757320045,highs,1.2996834160110076e-11,0.3232441311958638,0.23571882772392555,0.22644615743388496,0.00770546352299091,4.072556780225281,44.26098937405802,347.9028251880816
475,6.246578828905092,0.0025515070745401047,31,128,99,bbc1c59afae952d93247,False,0.003418512494547543,highs,1.3136063047686666e-11,0.3244482507868981,0.23188810019810277,0.22047699170361443,0.0072553538239747105,4.070166336906048,44.286045077168154,348.13790034298404
476,6.2490576815677965,0.002478852662704867,31,128,99,bbc1c59afae952d93247,False,0.003374403070692223,highs,1.3275348433476809e-11,0.32563907430557804,0.2280931729969771,0.21456836065234866,0.0068269602284734,4.067809140866486,44.310335566958685,348.3663399516256
477,6.2514645723024,0.0024068907346030954,31,128,99,bbc1c59afae952d93247,False,0.0033309927401782608,highs,1.3414687734853937e-11,0.3268168644865217,0.22433325941247534,0.20871900837063978,0.006419666274227969,4.065485023114103,44.33386703150714,348.5881883031509
478,6.253800178346489,0.002335606044088223,31,128,99,bbc1c59afae952d93247,False,0.003288270439048141,highs,1.3554082684764848e-11,0.3279818805726925,0.2206075848440095,0.20292769812826653,0.006032876861927472,4.063193799511622,44.35664550058043,348.8034883251032
479,6.256065161931475,0.0022649835849852806,31,128,99,bbc1c59afae952d93247,False,0.0032462252990023218,highs,1.3693539085159757e-11,0.3291343783721698,0.2169153865040042,0.1971932119382035,0.00566601759889557,4.0609352713264695,44.378676848280946,349.01228160790873
480,6.258260170516515,0.002195008585038849,31,128,99,bbc1c59afae952d93247,False,0.0032048466430638902,highs,1.383306655878217e-11,0.3302746103141398,0.21328922557950183,0.19151435013331497,0.0053185341654789775,4.05870922575864,44.39996679561304,349.21460842850456
481,6.260385837016552,0.002125666500035983,31,128,99,bbc1c59afae952d93247,False,0.0031641239813792084,highs,1.3972678325825124e-11,0.3314028255041014,0.21216062300018634,0.18588993095554496,0.004989891703330611,4.056515436447858,44.42052091297292,349.41050777314746
482,6.262442780024702,0.0020569430081494033,31,128,99,bbc1c59afae952d93247,False,0.0031240470073029833,highs,1.4112390990453477e-11,0.3325192697784499,0.21104094151439656,0.18031879015760982,0.004679574224804526,4.054353663960564,44.44034462256492,349.6000173594373
483,6.2644316040291725,0.001988824004468981,31,128,99,bbc1c59afae952d93247,False,0.003084605593355871,highs,1.4252224336526781e-11,0.33362418575819686,0.21035339083858043,0.17479978061535512,0.004387084042687053,4.0522236562575715,44.45944320074745,349.78317365759546
484,6.266352899624869,0.0019212955956966482,31,128,99,bbc1c59afae952d93247,False,0.003045789787553193,highs,1.4392201139554842e-11,0.33471781290205926,0.2099009819317948,0.16933177195174665,0.004111941219559137,4.050125149142944,44.47782178031073,349.9600119110247
485,6.268207243719906,0.0018543440950375967,31,128,98,a274293145bb9ff7fe4b,True,0.0030075898097262107,highs,1.4532346989924105e-11,0.335800387558817,0.20944875207596847,0.16391365017120435,0.0038536830360882163,4.048057866694702,44.4954853526895,350.13056615618353
486,6.269995199737146,0.0017879560172406883,31,128,98,a274293145bb9ff7fe4b,False,0.0029699960479437054,highs,1.467269011937585e-11,0.3368721430189352,0.20899663207342556,0.15854431730380078,0.0036118634775798037,4.046021521678069,44.512438770112894,350.29486924180594
487,6.271717317810951,0.0017221180738031805,31,128,98,a274293145bb9ff7fe4b,False,0.00293299905507365,highs,1.48132612502359e-11,0.3379333095654784,0.20854455425348833,0.15322269105916445,0.003386052738153811,4.044015815941729,44.52868674769378,350.4529528474909
488,6.2733741349792655,0.0016568171683122301,31,128,98,a274293145bb9ff7fe4b,False,0.002896589545485447,highs,1.4954093441112377e-11,0.33898411452437,0.20809245239929536,0.1479477044898777,0.0031758367419388376,4.04204044079768,44.54423386545988,350.60484750168865
489,6.274966175371187,0.0015920403919222892,31,128,98,a274293145bb9ff7fe4b,False,0.0028607583917801835,highs,1.5095221949972116e-11,0.34002478231393907,0.20764026167828215,0.14271830566347232,0.002980816680686003,4.040095077385152,44.55908457032869,350.75058259910895
490,6.276493950390218,0.0015277750190278994,31,128,98,a274293145bb9ff7fe4b,False,0.002825496621615243,highs,1.5236684103509145e-11,0.3410555344937618,0.20718791857617647,0.13809262149912183,0.0028006085672455227,4.038179397019253,44.57324317802832,350.8901864175742
491,6.277957958893164,0.001464008502947145,31,128,98,a274293145bb9ff7fe4b,False,0.002790795414722925,highs,1.5378519173172453e-11,0.3420765898129015,0.20673536083417665,0.13418718562225557,0.0026348428043667152,4.036293061524571,44.58671387496595,351.0236861343378
492,6.279358687365026,0.0014007284718626778,31,128,98,a274293145bb9ff7fe4b,False,0.002756646099866324,highs,1.5520768259929816e-11,0.3430881642574096,0.20628252738923053,0.13031831889256085,0.002483163768287766,4.034435723554436,44.599500720045896,351.15110784189096
493,6.280696610089813,0.0013379227247876102,31,128,98,a274293145bb9ff7fe4b,False,0.002723040151967501,highs,1.5663474186331793e-11,0.34409047109719737,0.2058293583172548,0.12648523929012861,0.0023452294066356686,4.032607026896089,44.61160764643884,351.2724765632763
494,6.281972189317485,0.0012755792276708533,31,128,98,a274293145bb9ff7fe4b,False,0.0026899691893489323,highs,1.580668139616656e-11,0.3450837209323111,0.20537579477899792,0.12268717576490165,0.00222071085014217,4.030806606762341,44.62303846330393,351.38781626692617
495,6.283185875427112,0.001213686109625911,31,128,98,a274293145bb9ff7fe4b,False,0.0026574249709241677,highs,1.595043585667395e-11,0.3460681217384848,0.20492177896853708,0.11892336801602818,0.002109292037716039,4.0290340900699935,44.63379685746527,351.4971498810446
496,6.284338107086338,0.0011522316592280646,31,128,98,a274293145bb9ff7fe4b,False,0.002625399393602348,highs,1.60947849725106e-11,0.34704387891214716,0.20446725406420072,0.11519306627700932,0.0020106693544379678,4.027289095705482,44.64388639504423,351.6004993075493
497,6.2854293114072854,0.0010912043209483357,31,128,98,a274293145bb9ff7fe4b,False,0.0025938844896431913,highs,1.6239777501154955e-11,0.34801119531473024,0.20401216418174845,0.11479651235335084,0.001924551282036971,4.025571234778063,44.653310523049036,351.6978854355888
498,6.286459904098957,0.0010305926916691632,31,128,98,a274293145bb9ff7fe4b,False,0.002562872424182368,highs,1.638546347399179e-11,0.34897027131643743,0.2035564543297465,0.11494408461916211,0.0018506580614538603,4.023880110860965,44.66207257092293,351.7893281546504
499,6.287430289616209,0.0009703855172524811,31,128,98,a274293145bb9ff7fe4b,False,0.0025323554927363314,highs,1.6531894125629698e-11,0.34992130483936584,0.2031000703669557,0.11508920334003644,0.0017887213670867153,4.022215320220802,44.67017575205212,351.87484636727294
500,6.288340861305462,0.000910571689254347,31,128,98,a274293145bb9ff7fe4b,False,0.002502326118830108,highs,1.6679121823530617e-11,0.3508644914000586,0.20264295896168005,0.11523190513190862,0.0017384839923452696,4.020576452035542,44.67762316523485,351.9544580013785
501,6.289192001547153,0.0008511402416901959,31,128,98,a274293145bb9ff7fe4b,False,0.002472776851631064,highs,1.682720000594582e-11,0.3518000241514383,0.20218506755288912,0.11537222653509181,0.0016996995461451183,4.018963088601399,44.684417796112605,352.0281800222345
502,6.289984081895026,0.0007920803478720373,31,128,98,a274293145bb9ff7fe4b,False,0.002443700363708103,highs,1.6976183121185788e-11,0.3527280939242112,0.2017263443131067,0.11551020399622107,0.001672132159994429,4.017374805528935,44.690562518564604,352.0960284440599
503,6.290717463212368,0.0007333813173406867,31,128,98,a274293145bb9ff7fe4b,False,0.0024260145656345307,highs,1.7126126573248905e-11,0.35364888926766613,0.20126673811286233,0.11564587385149924,0.0016555562053328001,4.015811171928645,44.69606009606666,352.1580183412862
504,6.291393592760722,0.0006761295483546093,31,128,98,255c22fce1e418431d6b,True,0.002463777054276295,highs,3.469446951953614e-18,0.3545876132161898,0.20068579506677758,0.11555607462711459,0.001640409710176239,4.014256711820252,44.70087113906967,352.2128155873715
505,6.292019823999268,0.0006262312385469926,32,127,99,6b1f834a7d7cd8c8fc7e,True,0.0027550549401512757,highs,1.1102230246251565e-16,0.3556929532967089,0.19962357659960395,0.11544731497985586,0.0016043549743820261,4.012758428786973,44.70522272541767,352.26846451875167
506,6.292604584439273,0.0005847604400051054,32,127,99,6b1f834a7d7cd8c8fc7e,False,0.002933252084563886,highs,2.6469779601696886e-23,0.3569066049288816,0.19857995591096722,0.11760371409721275,0.0015952185053705967,4.01130990567945,44.70922131371837,352.3259221287311
507,6.293157559431471,0.0005529749921961979,32,127,99,6b1f834a7d7cd8c8fc7e,False,0.0031621987505918697,highs,2.168404344971009e-19,0.3581545854195898,0.19774868611486374,0.122433230923335,0.001619955692798679,4.009921383342439,44.71302086703681,352.38686826726894
508,6.293695761729703,0.0005382022982320933,32,128,98,7b9d20c2717e68715d31,True,0.0035838753031610287,highs,1.6940658945086007e-21,0.3594426206696595,0.19838418913648093,0.12541152213805531,0.0016497842780755193,4.008651161007516,44.71695514763087,352.4609825814575
509,6.294240011075176,0.0005442493454710373,33,127,98,15a09166a8f3a167caa0,True,0.003909575233228818,highs,1.3877787807814457e-17,0.360868124240625,0.20076379047584597,0.12873971651748384,0.001697562160985083,4.007489294678905,44.72147004933062,352.5558271344976
510,6.2948127348022425,0.0005727237270658492,33,126,101,4862f2bfca4f73d231f5,True,0.004164822453796985,highs,5.874634520647215e-12,0.3627697188939988,0.20237529898897802,0.13211738322704764,0.001759869543618958,4.0063983946730275,44.72665354238332,352.66566612404597
511,6.295430908926402,0.0006181741241624295,33,125,100,91547f39740c0fbe4e21,True,0.004360863204426935,highs,1.1102230246251565e-16,0.36475203656840527,0.20330787251656562,0.1353454000827176,0.0018354826939442938,4.005312005061441,44.73241165269425,352.78435223764166
512,6.296094312090773,0.0006634031643706351,33,125,101,30917c768a792fa39003,True,0.004711145525340663,highs,2.9092178089080114e-11,0.3670887828454056,0.20403004042587827,0.13951690585509824,0.0019351371584905648,4.004121441235506,44.738608153005615,352.90991538244486
513,6.296818985382024,0.000724673291249367,32,125,99,d6cf754f0a07b68426ce,True,0.004914878179102886,highs,3.2929820736797756e-11,0.36954233854718466,0.20489820870630293,0.14373572663790501,0.002057747030371327,4.002959566985699,44.74584171485883,353.0531887673732
514,6.297623990694949,0.0008050053129231571,32,125,99,d6cf754f0a07b68426ce,False,0.0048947851071428645,highs,3.748631491032971e-11,0.3718224223017863,0.2079210556369256,0.14820348896430696,0.0021942589030510074,4.002073721255773,44.75509100674156,353.23320253330144
515,6.298520533389225,0.0008965426942753041,32,123,101,d111ed031e7cecce8bd6,True,0.005160439753497692,highs,3.3321168809181986e-11,0.37424107545184965,0.21221136682174477,0.15440832451716913,0.0023668164097062376,4.001314920658352,44.76621472444882,353.4483502107015
516,6.299518709509461,0.0009981761202348949,32,125,101,6d33fb3cccbea585050c,True,0.005704535330230571,highs,2.961881671927286e-11,0.3775134271887825,0.21464217390478407,0.16149389339208464,0.0025826918622943638,4.000435802785863,44.778323593544144,353.67451763603094
517,6.300656093516326,0.0011373840068653607,33,126,99,22cbf7ccf17c623d2f5d,True,0.006869225668284343,highs,5.551115123125783e-17,0.38013145432316825,0.212929916081311,0.1627288841797519,0.0029331731898774036,3.999174427263097,44.78962645069798,353.8530633112807
518,6.301905282375642,0.0012491888593180178,33,126,99,22cbf7ccf17c623d2f5d,False,0.00530541295665503,highs,8.806546775555756e-12,0.38110046936389497,0.22082616595009433,0.1582211508171989,0.0032976371374020693,3.9986124797844593,44.804420134373764,354.07108004440806
519,6.3032913918762405,0.0013861095006006963,32,126,99,22cbf7ccf17c623d2f5d,False,0.004736571936072444,highs,3.0053984003247655e-11,0.38161336440911775,0.22863301884963155,0.15432810585325374,0.003920769543288216,3.998338084115386,44.82184759539089,354.31714889398654
520,6.304800879994845,0.0015094881186037412,32,126,98,b703817e3c3b22b3b2ef,True,0.004178345322557484,highs,1.734723475976807e-18,0.3820808172095713,0.23456201128600435,0.15890654283498096,0.004642594851349878,3.9981826309246467,44.841212998392294,354.58159167061024
521,6.306412264071893,0.001611384077049749,32,127,97,c5f25ec2e394c1a3fb34,True,0.0037939474519127873,highs,2.220446049250313e-16,0.3824501969605466,0.23876003455171338,0.16889292968591962,0.005350505019394389,3.9980923289742396,44.86192603072449,354.8542069499308
522,6.308109438039164,0.0016971739672708708,32,127,97,c5f25ec2e394c1a3fb34,False,0.0039318182995447815,highs,1.1102230246251565e-16,0.3824096331208487,0.24137285000639436,0.17756921656902264,0.006061463380772124,3.997986421134123,44.88330312366529,355.11829910109185
523,6.309882951262936,0.0017735132237719498,32,128,96,897ea8729f3207bfd93e,True,0.004852486160697264,highs,1.1102230246251565e-16,0.3814223150974296,0.2436385937910296,0.1853333555388023,0.006927764601852534,3.9977212095353374,44.90460303695483,355.35016422874594
524,6.311761376788144,0.001878425525207561,32,126,98,4c2467cd89119d87daa5,True,0.003974289724590461,highs,1.1102230246251565e-16,0.3815523905027937,0.24401899683933237,0.19193543467015514,0.006828114549890772,3.9981619701911844,44.929618322092004,355.65888970440494
525,6.3137322423964966,0.001970865608348582,32,126,97,0edbfb9cce789979ca8e,True,0.00334466382626238,highs,1.1102230246251565e-16,0.3815456112614318,0.24829987471637066,0.19990892113169495,0.007063850605412604,3.998846158494261,44.95657909135001,355.99855749533947
526,6.315778739712088,0.0020464973155887023,32,127,97,449971037d428e23232f,True,0.003076300468725016,highs,3.308722450212111e-24,0.3817361303025627,0.25185626798317323,0.20663624676629838,0.007347042041412236,3.999766389476598,44.985179279683805,356.3644930888906
527,6.3178907134656574,0.002111973753567753,32,127,97,449971037d428e23232f,False,0.002897292715574493,highs,1.3877787807814457e-17,0.3820056230155846,0.2549869626909572,0.21243478301143331,0.007630779718055761,4.000894237321614,45.01519583351468,356.75320026787716
528,6.320060450133941,0.002169736668284017,32,126,97,29b05d0789c788b9b82d,True,0.002771627885004662,highs,1.1102230246251565e-16,0.3823144780016301,0.2577502827438711,0.21765461174952144,0.007915410510944276,4.002194367092406,45.04642295779304,357.1609066424696
529,6.32228195688482,0.0022215067508790654,33,126,97,c623e1a121418fae264c,True,0.002783392506285043,highs,1.1102230246251565e-16,0.3826855313866235,0.2601640165634467,0.22233482428702514,0.008202879747315369,4.003635892853163,45.07867181969485,357.58319096993296
530,6.324550574668723,0.0022686177839004174,34,127,97,ee1040487918d0ac753e,True,0.0027949338444714917,highs,1.734723475976807e-18,0.38321464112448445,0.26237385955305725,0.22654321926483492,0.008479777717207383,4.005202737559172,45.111866756962485,358.01952346672226
531,6.326861921537637,0.002311346868913766,33,128,95,de0d0838b56b7ebafea5,True,0.0028106788177509725,highs,2.47213017536558e-11,0.3837439389352457,0.2643685920351877,0.23040418830015086,0.008752940205277253,4.00687207272598,45.14588972013971,358.46781691984046
532,6.329212220258995,0.0023502987213586124,33,128,95,de0d0838b56b7ebafea5,False,0.0028226740907859116,highs,1.3877787807814457e-17,0.38427321760613686,0.26616888395048083,0.23391676444445375,0.00902356076372746,4.008624629184657,45.180639273551286,358.9261883963547
533,6.331598327083808,0.0023861068248116624,33,128,95,de0d0838b56b7ebafea5,False,0.002828577088584896,highs,1.1102230246251565e-16,0.3847909305863487,0.2678081234237435,0.23714015316728,0.00929121343734275,4.01044478408382,45.21603467506121,359.3931838361577
534,6.334017607738549,0.00241928065474184,33,128,95,de0d0838b56b7ebafea5,False,0.0028303094142471037,highs,3.3067334287264363e-11,0.38529612612321096,0.2693817114506505,0.2401216121660764,0.009556393490242697,4.0123192144809945,45.252007584943065,359.8675637666819
535,6.336467843256817,0.0024502355182685065,34,128,95,de0d0838b56b7ebafea5,False,0.0028283927371174607,highs,1.3877787807814457e-17,0.3857878768107814,0.2708459963141907,0.24289973256824074,0.009819568646801762,4.014236890927551,45.288500905359996,360.3482976816407
536,6.3389471571046485,0.0024793138478322874,34,128,95,de0d0838b56b7ebafea5,False,0.0028233328815376775,highs,8.673617379884035e-19,0.3862655551693497,0.2721964563749326,0.24550637785697232,0.010081125680134539,4.016188774016391,45.32546697702842,360.834532170426
537,6.3414539532906655,0.0025067961860187893,34,128,95,de0d0838b56b7ebafea5,False,0.0028156300938480573,highs,1.3877787807814457e-17,0.38672861163025285,0.2734490884621045,0.24796753900137342,0.010341368354881255,4.018167514992106,45.362865950773994,361.32556138170105
538,6.343986864785839,0.0025329114951722076,34,128,95,de0d0838b56b7ebafea5,False,0.0028057203862143338,highs,1.3877787807814457e-17,0.38717657597018396,0.274624353741448,0.2503043490661663,0.010600498501629434,4.020167194253467,45.40066445782963,361.820802960955
539,6.3465447104634825,0.002557845677642945,34,128,95,de0d0838b56b7ebafea5,False,0.0027939869176121027,highs,6.924402293216135e-13,0.3876090663488443,0.27574686394999,0.2525348164192585,0.010858616220619293,4.02218308600298,45.43883447261535,362.3197771297147
540,6.3491264592999626,0.0025817488364809904,34,128,95,de0d0838b56b7ebafea5,False,0.002780763494093061,highs,1.3056185171445919e-12,0.3880257804674784,0.27686054676392485,0.25467496512092314,0.011115725922629657,4.024211452983091,45.47735235795527,362.8220890248798
541,6.351731200693719,0.002604741393756882,34,128,95,de0d0838b56b7ebafea5,False,0.0027663330841661473,highs,1.9627020876111525e-12,0.388426489410377,0.27791175608096635,0.2567322303335752,0.011371747150180234,4.026249369142526,45.516198062907264,363.3274137433448
542,6.354358119942363,0.0026269192486427784,34,128,95,de0d0838b56b7ebafea5,False,0.002750935916204564,highs,2.7290049776255406e-12,0.3888110311299025,0.278906671191804,0.2587154291918941,0.011626527534741228,4.0282945682435845,45.55535445129886,363.83548373215393
543,6.357006478062745,0.0026483581203819995,34,128,95,de0d0838b56b7ebafea5,False,0.0027347781010413673,highs,3.5740258594496365e-12,0.38917930395525,0.2798504446619374,0.2606314765967193,0.01187985633965856,4.030345315825378,45.594806741533844,364.3460781914672
544,6.359675595260353,0.0026691171976098715,34,128,95,de0d0838b56b7ebafea5,False,0.0027180336704385813,highs,4.444773445139759e-12,0.3895312603481097,0.2807463503431741,0.26248577831984404,0.01213147759018418,4.032400301797305,45.63454204084766,364.859014197854
545,6.362364837457883,0.002689242197530639,34,128,95,de0d0838b56b7ebafea5,False,0.0027204699712604615,highs,5.294298142521683e-12,0.38986690102702176,0.28159762801864563,0.26431118604513437,0.012381102191278854,4.034458550992094,45.674548959515505,365.37413929299845
546,6.365073605381603,0.0027087679237212114,34,128,95,de0d0838b56b7ebafea5,False,0.0027359046825006874,highs,6.089566610870165e-12,0.39018626951626,0.28240691581488186,0.26608008637311714,0.01262841871866066,4.036519349175254,45.71481729256075,365.89132531682355
547,6.367801325780137,0.0027277203985338616,34,128,95,de0d0838b56b7ebafea5,False,0.0027510391507413,highs,6.811095409738313e-12,0.3904894471369436,0.2831763573073546,0.2678424982752275,0.01287310276041249,4.038582182235256,45.75533775830177,366.4104632944625
548,6.370547444415483,0.002746118635347905,34,128,95,de0d0838b56b7ebafea5,False,0.0027658719739395146,highs,7.450025075500205e-12,0.39077654843566684,0.28390769157896606,0.26955237505338936,0.013114824810904011,4.040646686529677,45.79610178463568,366.9314592134147
549,6.373311420521923,0.0027639761064408574,34,128,95,de0d0838b56b7ebafea5,False,0.0027803986467406904,highs,8.004938684439992e-12,0.39104771703354047,0.2846023286087269,0.2712097749889898,0.013353256794462583,4.042712608614842,45.83710133531082,367.45423055083177
550,6.376092722476148,0.002781301954226656,34,128,95,de0d0838b56b7ebafea5,False,0.0027954252936770877,highs,8.479202912135368e-12,0.3913031218718108,0.285261412191292,0.2728155797025793,0.013588077338522783,4.044779772825262,45.87832876960771,367.97870343143506
551,6.37889082446274,0.00279810198659014,34,128,95,de0d0838b56b7ebafea5,False,0.0028101227873021314,highs,8.878981876000049e-12,0.39154295382725546,0.28588587228867723,0.27437148595584504,0.01381897593543663,4.046848055389167,45.91977672985331,368.5048103143626
552,6.38170520395368,0.0028143794909372133,34,128,95,de0d0838b56b7ebafea5,False,0.0028244022956261175,highs,9.211848920702758e-12,0.3917674226695706,0.28647646844998975,0.2758776109843869,0.014045656136972244,4.048917363962743,45.961438052054866,369.03248812258465
553,6.3845353398501725,0.0028301358964899492,34,128,95,de0d0838b56b7ebafea5,False,0.002838253381415083,highs,9.485864172330067e-12,0.3919767543334157,0.2870338257009343,0.27733315905720135,0.014267837920997334,4.050987621638885,46.00330569567626,369.5616767417041
554,6.387380711159882,0.0028453713097098543,34,128,95,de0d0838b56b7ebafea5,False,0.002851674733351921,highs,9.708991165713955e-12,0.39217118847885474,0.28755846410008695,0.2787382205515122,0.014485259360126672,4.053058754636694,46.04537268920795,370.0923178262376
555,6.390240796103947,0.0028600849440652,34,128,95,de0d0838b56b7ebafea5,False,0.0028646636737995087,highs,9.88875000335814e-12,0.39235097631547255,0.2880508229818839,0.28009280640039697,0.014697677709583268,4.055130683007215,46.08763208871616,370.62435386111446
556,6.3931150715658225,0.0028742754618766853,34,128,95,de0d0838b56b7ebafea5,False,0.002877216632413683,highs,1.0032030273810275e-11,0.3925163786672179,0.28851128075265253,0.2813968787473765,0.014904870017941576,4.057203313801846,46.13007694701119,371.15772743434013
557,6.396003012809181,0.0028879412433591156,34,128,95,de0d0838b56b7ebafea5,False,0.0028894082379245963,highs,1.0145008713567807e-11,0.39266766425681227,0.28894017097477165,0.2826503751333109,0.015106633350981205,4.059276536243386,46.1727002914595,371.6923806837651
558,6.398904093404565,0.002901080595385075,34,128,95,de0d0838b56b7ebafea5,False,0.002902503730826568,highs,1.0233133298302776e-11,0.3928051081903919,0.289337795360716,0.28385322734380747,0.015302784706087666,4.061350218519469,46.21549510879008,372.2282548868331
559,6.401817785315224,0.0029136919106598214,34,128,95,de0d0838b56b7ebafea5,False,0.002915077974117087,highs,1.0301147662576016e-11,0.392928990624809,0.28970443420281483,0.28500537586530467,0.015493160682936265,4.063424205884804,46.25845433552084,372.7652901672186
560,6.404743559101305,0.00292577378608172,34,128,95,de0d0838b56b7ebafea5,False,0.0029271300640437477,highs,1.035313839259686e-11,0.39303959560184687,0.29004035468248907,0.2861067807438568,0.015677616965569362,4.065498319814938,46.30157085286348,373.3034252965383
561,6.407680884209047,0.002937325107741806,34,128,95,de0d0838b56b7ebafea5,False,0.002938659446694801,highs,1.0392593764157431e-11,0.3931372100350964,0.29034581743269633,0.28715742951112566,0.01585602766192955,4.067572358001483,46.34483748516064,373.8425975729217
562,6.41062922931771,0.0029483451086607104,34,128,95,de0d0838b56b7ebafea5,False,0.0029496659911045515,highs,1.0422466607357872e-11,0.39322212283692315,0.2906210816685797,0.28815734273188076,0.01602828453870636,4.0696460950182285,46.38824700107402,374.3827427612883
563,6.413588062722107,0.0029588334043983977,34,128,95,de0d0838b56b7ebafea5,False,0.0029601500410479805,highs,1.0445236773740961e-11,0.3932946241744418,0.290866409151194,0.28910657763450714,0.01619429618246436,4.071719283520544,46.43179211688076,374.9237950827521
564,6.416556852732849,0.002968790010740463,34,128,95,de0d0838b56b7ebafea5,False,0.0029701124501227078,highs,1.0462970541124642e-11,0.3933550048448025,0.2910820672070651,0.290005230208075,0.016353987112176067,4.073791655868279,46.4754655013512,375.4656872427554
565,6.41953506807973,0.0029782153468822514,34,128,95,de0d0838b56b7ebafea5,False,0.002979554603922914,highs,1.0477375503913533e-11,0.3934035557614788,0.29126833099083604,0.290853436083477,0.01650729686327388,4.0758629260855805,46.5192597817789,376.0083504893647
566,6.422522178306718,0.0029871102269893868,34,128,95,de0d0838b56b7ebafea5,False,0.002988478432507045,highs,1.0489850301951747e-11,0.3934405675445854,0.2914254851482585,0.29165137046050593,0.01665417905909021,4.077932792090521,46.56316755081448,376.55171469471134
567,6.425517654149073,0.0029954758423569317,34,128,95,de0d0838b56b7ebafea5,False,0.0029968864158344813,highs,1.0501529026463175e-11,0.3934663302095762,0.29155382501273613,0.29239924729732225,0.01679460048199597,4.080000938143742,46.60718137382389,377.0957084538681
568,6.428520967885125,0.0030033137360510054,34,128,95,de0d0838b56b7ebafea5,False,0.0030047815845103067,highs,1.0513320447418596e-11,0.39348113294969955,0.2916536574462381,0.2930973179385845,0.01692854015389845,4.0820670374796,46.65129379654737,377.6402591965372
569,6.431531593656564,0.003010625771437958,34,128,95,de0d0838b56b7ebafea5,False,0.0030121675176876,highs,1.0525942382095248e-11,0.39348526400925576,0.29172530142024206,0.293745869326855,0.01705598843275939,4.084130755094684,46.695497352883514,378.18529330787175
570,6.43454900775226,0.003017414095698001,34,128,95,de0d0838b56b7ebafea5,False,0.003019048339861522,highs,1.0539951602277869e-11,0.3934790106454153,0.29176908841639715,0.29434522191455914,0.017176946130426692,4.086191750679236,46.73978457266152,378.73073625551217
571,6.437572688851481,0.003023681099222131,34,128,95,de0d0838b56b7ebafea5,False,0.003025428717950681,highs,1.0555769737048254e-11,0.3934626591780943,0.29187994351522073,0.2948957273708105,0.01729142365480104,4.088249681685616,46.784147989297836,379.2765127205982
572,6.44060211822286,0.003029429371381731,34,128,95,de0d0838b56b7ebafea5,False,0.0030313138599617016,highs,1.0573705580233836e-11,0.3934364951283096,0.2920316385130331,0.29539776615885965,0.01739944017840225,4.090304206535999,46.8285801472601,379.82254673106047
573,6.443636779875968,0.003034661653108728,34,128,95,de0d0838b56b7ebafea5,False,0.0030367095163824714,highs,1.0593974265281313e-11,0.39340080344700956,0.2921531512971469,0.29585174504429723,0.017501022833926728,4.092354987978374,46.87307360928416,380.3687617959852
574,6.44667616066241,0.0030393807864408373,34,128,95,de0d0838b56b7ebafea5,False,0.003041621985372806,highs,1.061671365529307e-11,0.3933558688376192,0.29224496404454947,0.2962580945807506,0.01759620593666245,4.094401696606694,46.917620963308266,380.9150810402407
575,6.449719750323434,0.003043589661025692,34,128,95,de0d0838b56b7ebafea5,False,0.003046058122766186,highs,1.0641998341927454e-11,0.3933019761771598,0.29230757431416166,0.2966172666095207,0.01768503023259579,4.096444014566867,46.96221482910421,381.4614273389159
576,6.452767041480917,0.0030472911574834782,34,128,95,de0d0838b56b7ebafea5,False,0.003050025357893809,highs,1.0669851543424121e-11,0.3932394110422731,0.2923414958765695,0.2969297318004732,0.017767542170545297,4.09848163947643,47.006847864598136,382.0077234514215
577,6.455817529568186,0.003050488087273706,34,128,95,de0d0838b56b7ebafea5,False,0.003053531716213367,highs,1.0700255208351491e-11,0.3931684603484438,0.29234725977541187,0.2971959772539913,0.017843793195800036,4.100514288591329,47.05151277188445,382.5538921553846
578,6.458870712696907,0.00305318312871794,34,128,95,de0d0838b56b7ebafea5,False,0.0030565858498355167,highs,1.0733158554801875e-11,0.3930894131122562,0.2923254156648309,0.2974165041784592,0.01791383906263471,4.102541703259271,47.096202302945585,383.0998563807009
579,6.461926091455385,0.0030553787584777226,34,128,95,de0d0838b56b7ebafea5,False,0.003059197077027094,highs,1.076848528187644e-11,0.3930025613491043,0.2922765334698014,0.2975918256515779,0.017977739162020032,4.1045636537050445,47.140909265098,383.6455393443546
580,6.464983168633263,0.003057077177880174,34,128,95,de0d0838b56b7ebafea5,False,0.00306137543194868,highs,1.0806139626100786e-11,0.392908201120674,0.292201205418854,0.2977224644708357,0.018035555860947676,4.106579944199663,47.18562652619178,384.1908646868118
581,6.468041467704921,0.0030582990716574443,35,126,98,45c01dc56c792ff1dd72,True,0.0030632891826938764,highs,3.469446951953614e-18,0.39280674714873753,0.2921004726757618,0.2978084375145599,0.01808696658023957,4.1085909614899565,47.230348952263064,384.73583613888513
582,6.471100475992416,0.0030590082874946134,35,125,98,d06c5a4211ee449d3ab1,True,0.0030646249250823997,highs,5.899971610578228e-12,0.3926981967857992,0.29197313901302974,0.2978478530912134,0.01813251301630632,4.110596417937476,47.27506872388656,385.280357233875
583,6.474159662075867,0.0030591860834512374,35,125,98,d06c5a4211ee449d3ab1,False,0.003065505842205845,highs,5.24441920940287e-12,0.39258295064511833,0.2918198718950912,0.2978432825553999,0.018172604529663815,4.112595737772902,47.319776753891006,385.8242845339357
584,6.477218537232304,0.0030588751564337713,35,125,98,d06c5a4211ee449d3ab1,False,0.0030659973329762173,highs,4.66170596391366e-12,0.3924614758510324,0.2916426383938222,0.29779641076324403,0.01820696318505335,4.114588949074241,47.36446637475856,386.36754720949716
585,6.480276619254674,0.0030580820223704563,34,126,98,ff961a7a2d90b30a24ae,True,0.003066124098422468,highs,1.8646823855654647e-11,0.3923341036163098,0.29144261446099723,0.29770835626859105,0.01823564399553198,4.116576156132838,47.40913106126689,386.9100770703046
586,6.483333425041686,0.0030568057870121734,34,126,98,ff961a7a2d90b30a24ae,False,0.003065923262598585,highs,1.1102230246251565e-16,0.3922011830787959,0.2912208126124649,0.2975799677171959,0.018258703515577904,4.118557512573435,47.45376433286352,387.451803531304
587,6.486388470498853,0.0030550454571676156,34,126,98,ff961a7a2d90b30a24ae,False,0.003065410505777316,highs,2.220446049250313e-16,0.39206309049354193,0.2909782122285815,0.2974118963767747,0.018276182555329226,4.120533281778533,47.498359884362934,387.9926601493462
588,6.489441268815001,0.003052798316148575,34,126,98,ff961a7a2d90b30a24ae,False,0.003064626364436036,highs,1.6543612251060553e-24,0.39192022118568237,0.2907157544924749,0.2972046920328685,0.018288129620056253,4.122503844862597,47.542911574802105,388.5325853117973
589,6.492491327475835,0.0030500586608352975,35,126,98,ff961a7a2d90b30a24ae,False,0.0030635836059397887,highs,4.107355732570221e-11,0.3917729853665181,0.29043441051730456,0.2969592003087938,0.018294592774990383,4.124469693597304,47.58741336194828,389.07151967890667
590,6.495538146219163,0.0030468187433250193,35,126,98,ff961a7a2d90b30a24ae,False,0.003062286497649503,highs,2.7755575615628914e-17,0.39162182871186335,0.29013520115421265,0.2966767899127287,0.01829561687795974,4.1264314411240814,47.631859296978966,389.6094062514889
591,6.498581214405351,0.003043068186188158,35,126,97,122106418e54e7a7b6e3,True,0.003060760481259659,highs,2.7755575615628914e-17,0.39146723415218593,0.2898192241341084,0.296356520098502,0.01829124360045686,4.128389824310451,47.67624348554944,390.1461886389475
592,6.5016200107479865,0.003038796342635486,35,125,99,a36cd7fee001a0de6a62,True,0.003059034042507984,highs,1.1102230246251565e-16,0.3913096766646574,0.2894875983118308,0.295998720870283,0.018281510537703907,4.130345763555655,47.720560193686055,390.68181558733403
593,6.504654017183482,0.003034006435496117,35,125,96,28447942821610ea3fa5,True,0.003057022236834732,highs,1.3775836025865631e-11,0.39114940716317803,0.2891408291953242,0.2956030728480306,0.01826644304939193,4.132300720219391,47.7648044517117,391.2162533410417
594,6.507682664638895,0.0030286474554142018,35,125,96,28447942821610ea3fa5,False,0.0030548826614365723,highs,2.5845631560529906e-11,0.39098743758237064,0.2887814244772783,0.295170598486137,0.01824607776853349,4.134255515526848,47.80896995773885,391.7494299788832
595,6.51070537715787,0.0030227125189741244,35,125,96,28447942821610ea3fa5,False,0.003052695404786151,highs,2.949683054685398e-11,0.3908243783068717,0.2884109302306995,0.2947016946740703,0.018220439511515408,4.136211615331098,47.8530510966881,392.28129653221686
596,6.513721556821197,0.0030161796633292326,35,126,96,d3d73263e4016c37e109,True,0.003050445697486089,highs,3.081476241713027e-11,0.39066096345292906,0.28803107570228004,0.294196536435138,0.018189492552688334,4.138170766372367,47.89704256072591,392.81181465543966
597,6.516730577556395,0.0030090207351980425,35,126,95,acc04cb51dce8d3a5da0,True,0.0030481818365298823,highs,2.9614996015453676e-11,0.3904979929702508,0.2876437639790996,0.2936553912026615,0.018153252005536448,4.1401349594248735,47.94093910913607,393.3409484808629
598,6.519731781225754,0.0030012036693616295,35,126,95,acc04cb51dce8d3a5da0,False,0.0030459600923029135,highs,2.968407954569056e-11,0.39033637732919646,0.28725118630421614,0.29307854133625955,0.018111704658992686,4.14210648815886,47.984735659962794,393.86866757543714
599,6.522724471725674,0.0029926904999220127,35,126,95,acc04cb51dce8d3a5da0,False,0.0030438400395303333,highs,3.484225613772104e-11,0.3901771286635318,0.28685582422735345,0.2924662416841547,0.018064819323038103,4.1440879691709975,48.02842725043705,394.3949449810351
600,6.525707910122531,0.0029834383968569966,35,126,95,acc04cb51dce8d3a5da0,False,0.0030418946430151917,highs,3.3496022149622244e-11,0.390021380329875,0.2864605006210413,0.2918187686122041,0.018012548696827564,4.146082402733314,48.072009117726765,394.919760915028
601,6.528681307905889,0.0029733977833563685,35,126,95,acc04cb51dce8d3a5da0,False,0.0030402046666193087,highs,3.10986278800628e-11,0.3898704056217016,0.2860686767929822,0.29113638144060483,0.01795482820915056,4.14809321753142,48.115476719569756,395.443103651472
602,6.53164381924697,0.0029625113410780557,35,126,95,acc04cb51dce8d3a5da0,False,0.003038862033325288,highs,2.914631299520011e-11,0.38972563575075386,0.28568408350355745,0.29041931666373505,0.017891574770916716,4.150124320684091,48.158825758286284,395.9649706260344
603,6.534594532133161,0.002950712886192086,35,126,95,acc04cb51dce8d3a5da0,False,0.0030379707566817967,highs,2.7861677723198038e-11,0.389588683017672,0.28531038953614984,0.28966778248135955,0.017822685787339834,4.152180153142872,48.202052207489,396.4853696770774
604,6.537532458227979,0.002937926094818799,35,126,95,acc04cb51dce8d3a5da0,False,0.0030376492953103594,highs,2.710542265754689e-11,0.3894613672581052,0.2849522154847729,0.28888195349396095,0.01774803851011609,4.154265751001247,48.24515234229687,397.00432045711136
605,6.5404565212802925,0.0029240630523146294,35,126,95,acc04cb51dce8d3a5da0,False,0.0030443573321921125,highs,2.6686589494002862e-11,0.3893457460479929,0.28461479793050104,0.28806196529261724,0.017667489942069507,4.156386813233215,48.288122773744114,397.52185604460806
606,6.543365543879059,0.002909022598765354,35,126,95,acc04cb51dce8d3a5da0,False,0.0030568965753180995,highs,2.6452418427652696e-11,0.3892441492051242,0.2843040776436463,0.2872079086964414,0.017580877589312767,4.158549776378288,48.330960488064996,398.03802478665267
607,6.546258232318957,0.0028926884398980945,35,126,95,acc04cb51dce8d3a5da0,False,0.0030720105570990665,highs,2.6301046823067197e-11,0.3891592182021295,0.28402680054348417,0.28647350369411184,0.017488021454581414,4.160761896675427,48.37366289158245,398.5528924057278
608,6.549133159308114,0.002874926989156812,35,126,95,acc04cb51dce8d3a5da0,False,0.003090119672301159,highs,2.6171790368910647e-11,0.3890939511942154,0.28379063317445347,0.28604198013143645,0.017388727799045697,4.163031340115932,48.41622786200884,399.0665444080546
609,6.55198874421021,0.00285558490209592,35,126,95,acc04cb51dce8d3a5da0,False,0.0031117036639413294,highs,2.6032190250454415e-11,0.38905175516641377,0.2836042947353874,0.28564352692689904,0.01728279537882619,4.165367280826747,48.45865380707384,399.5790888360709
610,6.554823230469261,0.0028344862590499176,35,126,95,acc04cb51dce8d3a5da0,False,0.0031373101082614245,highs,2.5867407543942564e-11,0.38903650295186765,0.2834777080061491,0.28528763600182194,0.01717002510043157,4.167780008100936,48.5009397315237,400.09065941373257
611,6.5576346598149975,0.0028114293457353057,35,126,95,acc04cb51dce8d3a5da0,False,0.003167564112024428,highs,2.5672815480859325e-11,0.38905260148827236,0.2834221725925653,0.2849850916451266,0.017050234354471113,4.170281042247664,48.54308531368771,400.60141914039434
612,6.560420842789437,0.002786182974440443,35,126,95,acc04cb51dce8d3a5da0,False,0.0032031793953983395,highs,2.5449246778766472e-11,0.38910506888314234,0.28345056009962694,0.2847481556861501,0.016923277702578447,4.1728832592230125,48.58509099298199,401.1115643971274
613,6.563179325069668,0.0027584822802309006,35,126,95,acc04cb51dce8d3a5da0,False,0.0032449709585666503,highs,2.5200124117259697e-11,0.3891996217798003,0.28357754113252476,0.2845907792635967,0.016789076140720338,4.175601023704331,48.626958069920256,401.6213296385861
614,6.565907348986815,0.0027280239171485476,35,126,95,acc04cb51dce8d3a5da0,False,0.003293869558340012,highs,2.492982227312219e-11,0.38934277558161656,0.2838198427196016,0.28452884490941377,0.01664765788289354,4.178450329856725,48.66868882042847,402.1309927540875
615,6.568601809555642,0.0026944605688266066,35,126,95,acc04cb51dce8d3a5da0,False,0.0033509382534482463,highs,2.4642793351726665e-11,0.389541958983906,0.2841965425256376,0.28458044327727267,0.016499214556765493,4.181448948476267,48.710286626519206,402.6408811936084
616,6.571259204231158,0.0026573946755137356,35,126,95,acc04cb51dce8d3a5da0,False,0.0034173913140436475,highs,2.434314392707428e-11,0.3898056448576196,0.28472940533738433,0.28476618946387966,0.016344177947196375,4.184616578435989,48.7517561256773,403.1513789681388
617,6.5738755754967215,0.0026163712655637994,35,126,95,acc04cb51dce8d3a5da0,False,0.0034946158331555623,highs,2.4034467670288536e-11,0.3901434998209713,0.28544326763940836,0.2851095845765779,0.016183324056556217,4.187974999350852,48.793103381644386,403.6629346495048
618,6.576446445260247,0.0025708697635256073,35,126,95,acc04cb51dce8d3a5da0,False,0.0035841964396185685,highs,2.3719814219023732e-11,0.39056655516893535,0.28636647714979413,0.28563742900837374,0.01601791339212858,4.191548221045235,48.83433607967491,404.1760705126777
619,6.578966739888715,0.0025202946284661465,35,126,95,acc04cb51dce8d3a5da0,False,0.0036879434891320274,highs,2.340172453858384e-11,0.39108740221186766,0.2875313951654309,0.2863802948029407,0.01584987919814779,4.1953626236591886,48.87546374977451,404.6913929840231
620,6.581463532811339,0.002496792922623392,35,126,95,74a1b1d3ac4fe8e57e61,True,0.003745639918207738,highs,2.330915714089315e-11,0.39185341393045103,0.29000559015446825,0.2876218875418618,0.015568904383786674,4.199346669902427,48.91703875160235,405.2222013432891
621,6.583995397771126,0.002531864959786745,35,126,95,74a1b1d3ac4fe8e57e61,False,0.004086028743704716,highs,2.1538126451142963e-11,0.3928554502709932,0.29445271934940587,0.29084579820754847,0.015383587259004338,4.2033437405849225,48.95979056073345,405.7813550915314
622,6.586590122115805,0.0025947243446751145,35,126,95,74a1b1d3ac4fe8e57e61,False,0.004087211579104277,highs,2.367770965122043e-11,0.39379588257513276,0.29928976890283704,0.2968277657031099,0.015693124137065223,4.2073202806894985,49.003658334702806,406.35851010522737
623,6.589267752657969,0.0026776305421627455,35,126,95,74a1b1d3ac4fe8e57e61,False,0.004269902687325818,highs,2.647978357821285e-11,0.3947278844251524,0.3041841984222685,0.3042242793983404,0.01633106348771057,4.211301740395651,49.04885569832548,406.9538450629044
624,6.592041518074776,0.0027737654168067394,35,126,95,74a1b1d3ac4fe8e57e61,False,0.004468204805118882,highs,1.2044002057022537e-11,0.3956293680390658,0.30895340024383067,0.31254322114885735,0.01720762157868212,4.215304452365772,49.09551802432844,407.56735941135685
625,6.594918863375757,0.0028773453009778294,35,126,95,74a1b1d3ac4fe8e57e61,False,0.004590393526585326,highs,2.0968446514133e-11,0.39647412940694515,0.31347383412939933,0.3213449477604312,0.018259532810359577,4.219334537764542,49.14370127187191,408.1983936150675
626,6.597902750673589,0.0029838872978293907,35,126,95,74a1b1d3ac4fe8e57e61,False,0.004675527320623839,highs,3.647322643738296e-11,0.39724191465643843,0.3176638102653188,0.3302732079988724,0.019436426081944323,4.223394069921334,49.193408458225385,408.84605930951443
627,6.600992666915138,0.003089916241552082,35,126,95,74a1b1d3ac4fe8e57e61,False,0.0046922975002462244,highs,1.3605678984388451e-11,0.39791747960140644,0.32146686698828736,0.33905082525192787,0.02069711905863838,4.227482046425175,49.244599297149776,409.50920307490446
628,6.604185472043256,0.0031928051281200354,35,126,95,74a1b1d3ac4fe8e57e61,False,0.004657023582608277,highs,1.4803871426123884e-11,0.39849059872402665,0.3248456048862474,0.3474682122990619,0.022006074019111616,4.23159529463059,49.29720094626025,410.1864646115885
629,6.607476092825183,0.0032906207819278777,35,126,95,74a1b1d3ac4fe8e57e61,False,0.004582595287902377,highs,2.088089718389797e-11,0.3989552111796417,0.32777757435874627,0.3553716912645025,0.023332059157402555,4.235729046614464,49.35111691454233,410.8763374090478
630,6.61085807892576,0.0033819861005772722,35,126,95,74a1b1d3ac4fe8e57e61,False,0.00447916552568222,highs,2.2654799568714283e-11,0.39930854186361375,0.33025212366462553,0.36265282748119726,0.024647664116084277,4.239877345127531,49.40623426930886,411.57722244476656
631,6.6143240429235055,0.003465963997745014,35,126,95,74a1b1d3ac4fe8e57e61,False,0.004376732809653068,highs,2.14731929086864e-11,0.39955033409349616,0.33226782251271325,0.36923919894408497,0.02592914737680092,4.244033367401416,49.46242939631503,412.28747362417243
632,6.617866004458904,0.00354196153539732,35,126,95,74a1b1d3ac4fe8e57e61,False,0.004436284343323187,highs,1.9785881821315395e-11,0.39968221480376276,0.3338303078534511,0.37508665686529485,0.027156376731209967,4.248189688610187,49.51957250634145,413.0054337260643
633,6.621475656612021,0.003609652153118148,35,126,95,74a1b1d3ac4fe8e57e61,False,0.004486507447569587,highs,1.873401102628345e-11,0.39970718963073004,0.33495050643691837,0.38017297396881217,0.028312741048657275,4.252338499279962,49.57753111062402,413.72946189340087
634,6.6251445698737,0.0036689132616798403,35,126,95,74a1b1d3ac4fe8e57e61,False,0.004527634506450828,highs,1.83688132815998e-11,0.39962924763476393,0.3356431925099848,0.38449270280627085,0.029384994193479327,4.256471785180129,49.636172663586095,414.45795409349785
635,6.628864346397727,0.0037197765240266634,35,126,95,74a1b1d3ac4fe8e57e61,False,0.004559972883704796,highs,1.83657669025375e-11,0.39945305434540057,0.33592583463427106,0.3880530543123789,0.03036303034432776,4.260581475504424,49.69536654082647,415.18935792025684
636,6.632626734858003,0.0037623884602764335,35,126,95,74a1b1d3ac4fe8e57e61,False,0.004583882141670496,highs,1.8435184568887187e-11,0.39918371466155406,0.3358176850801817,0.3908706190273827,0.031239606369059248,4.264659563771176,49.75498549065406,415.9221829252699
637,6.636423714238077,0.0037969793800733953,35,126,95,74a1b1d3ac4fe8e57e61,False,0.004599756120467294,highs,1.843038612339667e-11,0.39882659063927356,0.33533906857373835,0.3929687753666817,0.03201003162490128,4.268698205048155,49.81490667116502,416.65500745171323
638,6.640247553234506,0.003823838996425799,35,126,95,74a1b1d3ac4fe8e57e61,False,0.004608008962881839,highs,1.831906401970693e-11,0.3983871623579386,0.3345108326275442,0.39437565327626734,0.0326718444115696,4.272689792607892,49.87501236285819,417.3864827550766
639,6.644090850615949,0.003843297381442845,35,126,95,74a1b1d3ac4fe8e57e61,False,0.004609064333566648,highs,1.812641525231459e-11,0.3978709226019291,0.33335392762353566,0.3951225441546927,0.0332244907778108,4.276627016783534,49.93519042877526,418.11533503679163
640,6.647946560797322,0.0038557101813738726,35,126,95,74a1b1d3ac4fe8e57e61,False,0.004603347166789366,highs,1.7892733027180712e-11,0.39728329808413276,0.3318890903857892,0.3952426677464217,0.03366901727016752,4.280502908535378,49.995334579564215,418.84036588868776
641,6.651808008016727,0.0038614472194042904,35,126,95,74a1b1d3ac4fe8e57e61,False,0.004591277494834388,highs,1.7652006336438207e-11,0.39737621293473413,0.33013660984835774,0.3947702235261315,0.03400778538761229,4.284310870008881,50.05534448910882,419.5604515431513
642,6.6556688918033915,0.003860883786660274,35,126,95,74a1b1d3ac4fe8e57e61,False,0.004610899126060264,highs,1.742546038851394e-11,0.3977444522346195,0.32811615752157897,0.39373966806232985,0.03424421231751302,4.288044694145758,50.115125796919074,420.27454124117287
643,6.6595232858641715,0.0038543940607791427,35,126,95,74a1b1d3ac4fe8e57e61,False,0.004630260458613708,highs,1.7222705107542473e-11,0.3980159499015272,0.3258466688435937,0.3921851713765202,0.03438254005684356,4.291698575194825,50.17459002590027,420.9816549641557
644,6.663365632067934,0.003842346203758673,35,126,95,74a1b1d3ac4fe8e57e61,False,0.004642660130874974,highs,1.7045445414111594e-11,0.39819696904414736,0.32334626426561053,0.39014021421896194,0.03442763321596367,4.295267111758721,50.23365443804991,421.6808807222395
645,6.667190730848613,0.0038250987806796033,35,126,95,74a1b1d3ac4fe8e57e61,False,0.004648576864369125,highs,1.6891156527134068e-11,0.3982936585616317,0.3206322011604136,0.38763729676510406,0.03438480455655992,4.2987453038102,50.29224184578101,422.3713715494002
646,6.670993729062367,0.0038029982137572915,35,126,95,74a1b1d3ac4fe8e57e61,False,0.004648465246479883,highs,1.6755772454593408e-11,0.39831199929102146,0.3177208494534824,0.3847077339555504,0.03425966651574717,4.302128544920384,50.35028039269835,423.05234232166526
647,6.6747701061063855,0.003776377044019341,35,126,95,74a1b1d3ac4fe8e57e61,False,0.004642755684898924,highs,1.663529102608126e-11,0.39825776590253986,0.31462768533444985,0.38138151859885383,0.03405800650675381,4.305412610764188,50.40770331457031,423.72306648777453
648,6.67851565892602,0.0037455528196348453,35,126,95,74a1b1d3ac4fe8e57e61,False,0.004631854688129353,highs,1.6526533591214847e-11,0.39813650107441084,0.311367298578604,0.37768723690599354,0.03378568357163532,4.308593644807017,50.46444868878636,424.38287278016907
649,6.682226486393288,0.0037108274672661423,35,126,95,74a1b1d3ac4fe8e57e61,False,0.0046161453871234005,highs,1.642735935779286e-11,0.39795349919247275,0.30795340994860804,0.3736520243269301,0.03344854391885324,4.3116681419321985,50.520459178645375,425.0311419572221
650,6.685898973425854,0.0036724870325635095,35,126,95,74a1b1d3ac4fe8e57e61,False,0.004595988231302166,highs,1.6336583711013374e-11,0.3977137973897549,0.3043988958986972,0.36930155208369536,0.03305235295149594,4.314632930640903,50.57568177727991,425.66730361422856
651,6.689529775125623,0.0036308016997690373,35,126,95,74a1b1d3ac4fe8e57e61,False,0.004571721806772849,highs,1.6253771464089703e-11,0.39742217219593734,0.30071581840586126,0.36466003681056325,0.03260274153662871,4.317485154344621,50.63006755480645,426.2908330901655
652,6.693115801145186,0.0035860260195619276,35,126,95,74a1b1d3ac4fe8e57e61,False,0.0045828898169195595,highs,1.6179006308915082e-11,0.397083140429247,0.2969154582320661,0.35975026732031956,0.03210516445173877,4.320222252173687,50.683571411335905,426.9012484890074
653,6.696654200434377,0.0035383992891926397,35,126,95,74a1b1d3ac4fe8e57e61,False,0.0045923119459480456,highs,1.6112687377220574e-11,0.3967009632527195,0.2930083503035174,0.3545936437997642,0.03156486914901003,4.3228419396425455,50.736151837728706,427.49810782799
654,6.700142346475741,0.0034881460413629384,35,126,95,74a1b1d3ac4fe8e57e61,False,0.004597525939535004,highs,1.6055372072694117e-11,0.39627965254685454,0.2890043201968493,0.3492102257597698,0.03098687318556702,4.325342189442271,50.78777068539466,428.08100632028004
655,6.703577823083369,0.0034354766076241106,35,126,95,74a1b1d3ac4fe8e57e61,False,0.004598848571615682,highs,1.6007666653959287e-11,0.3958229789342109,0.2849125209623523,0.34361878587821987,0.03037594886986419,4.327721212571495,50.83839294598308,428.64957379572434
656,6.706958410813274,0.0033805877299037945,35,126,95,74a1b1d3ac4fe8e57e61,False,0.004596577856023116,highs,1.5970157801056108e-11,0.3953344809371918,0.2814631556853121,0.3378368675207851,0.02973661386340279,4.329977439967405,50.88798654145934,429.2034722604859
657,6.710282074013046,0.0033236631997715094,35,126,95,74a1b1d3ac4fe8e57e61,False,0.004590993734233495,highs,1.5943375620589206e-11,0.39481747486616997,0.27882316147535313,0.33188084423574155,0.029073126651020693,4.332109504757307,50.9365221247954,429.7423935942195
658,6.713546948522898,0.0032648745098509124,35,126,95,74a1b1d3ac4fe8e57e61,False,0.004582358828048925,highs,1.5927778738235084e-11,0.39427506512681765,0.2761261257750761,0.32639978594601066,0.028389485948915626,4.334116225217345,50.98397289129987,430.26605738187254
659,6.716753610993829,0.003206662470934596,35,126,95,a1f2837b0aceda0d2b3f,True,0.004474151594633436,highs,1.599929417783617e-11,0.3935501681835368,0.27329126510381374,0.32009907300458257,0.027439788493181495,4.335983318934522,51.03034891147842,430.77615561454877
660,6.719905079867094,0.0031514688732645624,35,126,95,a1f2837b0aceda0d2b3f,False,0.004339952240666736,highs,1.5509297989592984e-11,0.3927385040937583,0.2704942029965823,0.3128169104086974,0.026349521683242266,4.3377026931888985,51.07569691049166,431.2739619225404
661,6.72300566995057,0.0031005900834770728,35,126,95,a1f2837b0aceda0d2b3f,False,0.004221129007780384,highs,1.656208816524668e-11,0.3919595791825317,0.26787630893741876,0.305456707450848,0.025282082389826578,4.339276470295058,51.1200816633266,431.7601862437077
662,6.726060293434432,0.0030546234838624287,35,126,95,a1f2837b0aceda0d2b3f,False,0.004111094280867594,highs,1.6619799885969848e-11,0.39125287972734063,0.26546923066804545,0.30000021965557233,0.02428693661414486,4.340710424202371,51.16357782930514,432.2356366656235
663,6.729074034239244,0.003013740804808762,35,126,95,a1f2837b0aceda0d2b3f,False,0.0040082953431182155,highs,1.3802824748999064e-11,0.39063292647996595,0.2632765388412228,0.29497240308122974,0.02337968304796033,4.342010688671364,51.20626261984522,432.7011571441327
664,6.732051915868008,0.0029778816287633347,35,126,95,a1f2837b0aceda0d2b3f,False,0.003912473771039995,highs,1.6925790575990805e-11,0.3901040945019549,0.26129251725252167,0.29040702722464085,0.022562970194036365,4.343183144748796,51.24821215731186,433.1575779072064
665,6.734998783413137,0.0029468675451269633,35,126,95,a1f2837b0aceda0d2b3f,False,0.003823570741033191,highs,1.7610170867988908e-11,0.3896660924963962,0.25950768313599004,0.2863076789614213,0.021833940305856697,4.3442333760308065,51.289500021618935,433.6057050263559
666,6.737919242032153,0.002920458619016131,35,126,95,a1f2837b0aceda0d2b3f,False,0.0037414811821453752,highs,1.5907544857638053e-11,0.38931620315084103,0.25791108841126564,0.2826621437262197,0.021187292404885604,4.3451665986899055,51.330196268455126,434.04630929627467
667,6.740817629581194,0.0028983875490418143,35,126,95,a1f2837b0aceda0d2b3f,False,0.0036659902149739692,highs,1.552527662171444e-11,0.3890505084494621,0.25649139404947624,0.279617879756011,0.020616843277509483,4.34598763122123,51.370366954720765,434.4801195433663
668,6.743698009827196,0.002880380246001124,35,126,95,a1f2837b0aceda0d2b3f,False,0.003596800950718416,highs,1.6142861041292002e-11,0.38886457112932776,0.2552374262441657,0.2770704404692924,0.0201163068894441,4.346700891031597,51.41007398802393,434.90781975274285
669,6.746564177623692,0.002866167796498509,35,126,95,a1f2837b0aceda0d2b3f,False,0.0035335690416330827,highs,1.6741746663918474e-11,0.3887538189037808,0.254138467962602,0.275143378477729,0.019679674557290736,4.347310407639936,51.449375175925525,435.33004889765004
670,6.74941967063928,0.0028554930155850755,35,126,95,a1f2837b0aceda0d2b3f,False,0.0034759301922257417,highs,1.7000488155693425e-11,0.38871375789249185,0.2531844030062451,0.2738709076074355,0.019301385267307312,4.3478198450475425,51.488324388537286,435.74740238302013
671,6.752267784337247,0.002848113697966781,35,126,95,a1f2837b0aceda0d2b3f,False,0.003423518920458627,highs,1.7047427017109613e-11,0.3887400863177638,0.252365775126865,0.2729123043533056,0.018976385166881857,4.34823252818078,51.52697177893428,436.1604343295753
672,6.755111588250444,0.0028438039131968296,35,126,95,a1f2837b0aceda0d2b3f,False,0.00337598021733357,highs,1.7067440995852738e-11,0.38882875011833085,0.2516737984011366,0.2722464392094637,0.01870012969877922,4.348551470327129,51.565364027949514,436.56966022651955
673,6.7579539424227875,0.0028423541723441303,35,126,95,a1f2837b0aceda0d2b3f,False,0.0033329762085770893,highs,1.7155085534514698e-11,0.38897596503979254,0.25110034035088996,0.27185365123211236,0.018468557481570416,4.348779399863326,51.603544594014785,436.97555968460944
674,6.760797513386915,0.002843570964127906,35,126,95,a1f2837b0aceda0d2b3f,False,0.0032941895307250974,highs,1.7323493314498248e-11,0.38917821966934824,0.2506378905504508,0.27176877854313436,0.018278051720530555,4.348918785421824,51.64155395726084,437.378579144197
675,6.76364478934346,0.002847275956547435,35,126,95,a1f2837b0aceda0d2b3f,False,0.003259324639296954,highs,1.7549786469682483e-11,0.38943226791193924,0.25027952222939154,0.2720779732472406,0.018125397580537248,4.348971859125609,51.679429852132905,437.7791344629633
676,6.766498094382187,0.002853305038728493,35,126,95,a1f2837b0aceda0d2b3f,False,0.0032281078604278896,highs,1.7807229510581793e-11,0.38973511589033927,0.2500188512599742,0.27259772943382116,0.018007739895429753,4.348940637786214,51.717207485722405,438.1776133473245
677,6.769359601687518,0.002861507305331301,35,126,95,a1f2837b0aceda0d2b3f,False,0.0032002867080802534,highs,1.8078127659102955e-11,0.39008400618713956,0.24984999506268427,0.2733146796168446,0.017922543358730746,4.348826942100073,51.754919740727814,438.5743776134014
678,6.772231345730314,0.0028717440427969976,35,126,95,a1f2837b0aceda0d2b3f,False,0.0031756287963654217,highs,1.8354985897580787e-11,0.3904764011305778,0.2497675385135043,0.2742165245275215,0.01786755612469403,4.348632413949564,51.79259736294726,438.9697652756719
679,6.775115233481305,0.002883887750990688,35,126,95,a1f2837b0aceda0d2b3f,False,0.0031539205518033445,highs,1.8637265388042747e-11,0.3909099661062477,0.2497665073815472,0.2752919501246489,0.017840777095501737,4.348358531948035,51.83026913376694,439.36409246817345
680,6.778013054699392,0.0028978212180854612,35,126,95,a1f2837b0aceda0d2b3f,False,0.003145601423185746,highs,1.892778033430134e-11,0.39138255344768613,0.24984226646000424,0.2765305480973653,0.017840426829963875,4.348006625379777,51.86796202841527,439.75765520674486
681,6.780926491356725,0.002913436657332902,35,126,95,a1f2837b0aceda0d2b3f,False,0.00314246789708511,highs,1.9230182910628308e-11,0.39189218720156843,0.24999056457949592,0.27792274107889825,0.017864921841979756,4.347577886685793,51.905701360905084,440.150731002573
682,6.783857126265407,0.0029306349086803962,35,126,95,a1f2837b0aceda0d2b3f,False,0.003141610404261304,highs,1.9547652680699426e-11,0.3924370489082199,0.25020747709448876,0.2794597131057066,0.017912851985357383,4.3470733826397145,51.94351091664389,440.5435803379932
683,6.786806450970069,0.0029493247046623594,35,126,95,a1f2837b0aceda0d2b3f,False,0.003142885771347092,highs,1.9882445025702747e-11,0.3930154644453492,0.2504893784378417,0.2811333454503554,0.01798296060210602,4.346494064348558,51.98141307369504,440.9364480155335
684,6.7897758729684,0.0029694219983316117,35,126,95,a1f2837b0aceda0d2b3f,False,0.003146162535203445,highs,2.0235914116348465e-11,0.39362589192734854,0.2508329170449861,0.2829361577215017,0.01807412711892171,4.345840776201792,52.019428913641235,441.32956439084876
685,6.792766722318001,0.0029908493496009214,35,126,95,a1f2837b0aceda0d2b3f,False,0.0031513199188263003,highs,2.0608730791889776e-11,0.3942669106206166,0.25123499248709236,0.2848612539887714,0.018185351797907097,4.345114263880738,52.0575783229522,441.72314649963545
686,6.7957802576840995,0.0030135353660982744,35,126,95,a1f2837b0aceda0d2b3f,False,0.003158246894831206,highs,2.1001133753065236e-11,0.39493721081788186,0.2516927346447124,0.2869022736227723,0.018315742374749137,4.344315181529174,52.095880085699235,442.11739908795585
687,6.798817671878366,0.0030374141942655086,35,126,95,a1f2837b0aceda0d2b3f,False,0.003166841331676334,highs,2.141313992956734e-11,0.39563558460566156,0.2522034847534284,0.28905334650696846,0.018464502345882698,4.343444098175371,52.134351968395535,442.5125155546881
688,6.801880096934939,0.00306242505657206,35,126,95,a1f2837b0aceda0d2b3f,False,0.0031770092170043717,highs,2.1844692244731924e-11,0.3963609174562184,0.2527647781595791,0.2913090522734169,0.018630920694184646,4.342501503486032,52.173010797678245,442.9086788141085
689,6.80496860876578,0.0030885118308381365,35,126,95,a1f2837b0aceda0d2b3f,False,0.0031924249890333714,highs,2.22957489252576e-11,0.39711218057594144,0.25337432863250275,0.2936643832201197,0.018814362868578405,4.341487812923795,52.211872531486065,443.30606208592116
690,6.808084231433567,0.0031156226677886423,35,126,95,a1f2837b0aceda0d2b3f,False,0.0032094144030453096,highs,2.2766328118949777e-11,0.39788842394426266,0.25403001409054127,0.2961147105848217,0.019014262856253832,4.3404033723717586,52.25095232432764,443.7048296193914
691,6.8112279410770435,0.003143709643475212,35,126,95,a1f2837b0aceda0d2b3f,False,0.003227558556949235,highs,2.3256522687459882e-11,0.398688769981235,0.2547298636087809,0.29865575386903176,0.01923011620726837,4.339248462281474,52.29026458718174,444.1051373576306
692,6.814400669520109,0.003172728443067818,35,126,95,a1f2837b0aceda0d2b3f,False,0.003250212220378415,highs,2.376649751381531e-11,0.39951240778591335,0.2554720455879099,0.30134362338559567,0.019461473889651464,4.338023301394237,52.329823042518726,444.50713354750803
693,6.817603307593412,0.0032026380733007898,35,126,95,a1f2837b0aceda0d2b3f,False,0.003273861629093592,highs,2.4296478205782534e-11,0.40035858789237316,0.25625485697378825,0.30425151547763923,0.01970793686929415,4.336728050079989,52.369640774887316,444.91095930014853
694,6.820836708194005,0.0032334006005934057,35,126,95,a1f2837b0aceda0d2b3f,False,0.0032983656115967482,highs,2.4846736915613794e-11,0.40122661749443933,0.25707671342788574,0.3072385767802383,0.01996915132291641,4.335362813332912,52.40973027746735,445.31674910649974
695,6.824101689106587,0.003264980912582871,35,126,95,a1f2837b0aceda0d2b3f,False,0.0033236910847560678,highs,2.541757855344893e-11,0.40211585609476763,0.2579361403579385,0.31030166082409494,0.020244804404662767,4.3339276434584635,52.450103494951385,445.72463131201965
696,6.827399035607297,0.003297346500711562,35,126,95,a1f2837b0aceda0d2b3f,False,0.003349807347051605,highs,2.6009329006154653e-11,0.40302571153780464,0.2588317647269034,0.31343785461535356,0.020534620497318162,4.332422542482497,52.49077186308283,446.1347285541467
697,6.830729502869182,0.003330467261883463,35,126,95,a1f2837b0aceda0d2b3f,False,0.0033766858993933024,highs,2.6622325908246405e-11,0.40395563639010207,0.25994669380764207,0.3166444609498747,0.020838357888346194,4.3308474643097705,52.53174634514649,446.5471581658595
698,6.8340938181865765,0.0033643153173930074,35,126,95,a1f2837b0aceda0d2b3f,False,0.0034043002814273292,highs,2.7256911924373403e-11,0.4049051246349645,0.26155382815499806,0.31991898225981474,0.021155805818795333,4.329202316655907,52.57303746567948,446.96203254831613
699,6.83749268303398,0.0033988648474059246,35,126,95,a1f2837b0aceda0d2b3f,False,0.003432625921841384,highs,2.7913430206209444e-11,0.40587370865148287,0.2637205210161873,0.3232591058471487,0.021486781859859583,4.327486962774216,52.6146553416443,447.37945951527576
700,6.840926774973653,0.0034340919396704805,35,126,95,a1f2837b0aceda0d2b3f,False,0.003461640001362813,highs,2.859222159210861e-11,0.4068609564512211,0.2659251403890172,0.32666269037279716,0.02183112957785321,4.325701222996374,52.65660971128308,447.79954261174487
701,6.844396749424537,0.0034699744508861485,35,126,95,a1f2837b0aceda0d2b3f,False,0.0034913213272482558,highs,2.9293623106501715e-11,0.40786646914827507,0.26816663239488325,0.3301277534839352,0.022188716453380747,4.323844876103775,52.6989099608511,448.2223814090621
702,6.847903241304335,0.003506491879798901,35,126,95,a1f2837b0aceda0d2b3f,False,0.003521650218193355,highs,3.0017967385400236e-11,0.40888987864079257,0.2704440229289137,0.3336524604726196,0.02255943202478153,4.3219176605445115,52.74156514940884,448.6480717784196
703,6.851446866555077,0.003543625250741478,35,126,95,a1f2837b0aceda0d2b3f,False,0.003557314704301057,highs,3.076558271147137e-11,0.40993084548447395,0.27275641212412843,0.3372351138707038,0.02294318622991227,4.319919275509266,52.784584031835465,449.0767061446378
704,6.8550282235618205,0.003581357006742003,35,126,95,a1f2837b0aceda0d2b3f,False,0.003593789894798242,highs,3.153679342398598e-11,0.4109890569402569,0.27510296926344663,0.34087414389477794,0.02333990792343687,4.3178493818778545,52.82797508021085,449.50837372183673
705,6.858647894473129,0.003619670911310102,35,126,95,a1f2837b0aceda0d2b3f,False,0.00363084881731077,highs,3.2331920530516994e-11,0.4120642251802711,0.27748292809881053,0.34456809966312796,0.0237495435496763,4.315707603046953,52.87174650370011,449.94316073249433
706,6.862306446431243,0.0036585519581144865,35,126,95,a1f2837b0aceda0d2b3f,False,0.003668476752710485,highs,3.315128239875719e-11,0.4131560856377179,0.27989558254127445,0.3483156411158227,0.024172055953632907,4.313493525648212,52.9159062670623,450.38115061124785
707,6.866004432719089,0.0036979862878432357,35,126,95,a1f2837b0aceda0d2b3f,False,0.0037066600948097205,highs,3.3995195448464225e-11,0.41426439548775085,0.28234028268875666,0.3521155315740304,0.024607423314813862,4.311206700165068,52.96046210789336,450.8224241946688
708,6.869742393830647,0.0037379611115611056,35,126,95,a1f2837b0aceda0d2b3f,False,0.003745386276612527,highs,3.486397479814668e-11,0.4153889322476576,0.28481643116191296,0.35596663088229996,0.025055638190419494,4.308846641455506,53.005421552704604,451.26705989813036
709,6.873520858470761,0.003778464640114443,35,126,95,a1f2837b0aceda0d2b3f,False,0.0037846437022680643,highs,3.5757934834127686e-11,0.4165294924858327,0.28732347972131966,0.35986802905694615,0.025516706656063766,4.306412829187292,53.05079193192745,451.7151338807884
710,6.877340344489637,0.0038194860188767166,35,126,95,a1f2837b0aceda0d2b3f,False,0.0038244216842227684,highs,3.667738969599885e-11,0.41768589063007633,0.2898609261415349,0.363818627936753,0.02599064753362379,4.303904708191336,53.09658039392867,452.16672019960333
711,6.881201359757187,0.0038610152675513376,35,126,95,a1f2837b0aceda0d2b3f,False,0.003864710385146158,highs,3.7622653671791447e-11,0.41885795786654695,0.29242831132031444,0.3678175301798465,0.026477491696993913,4.301321688738314,53.142793918111806,452.62189095325084
712,6.8851044029816295,0.003903043224443792,35,126,95,a1f2837b0aceda0d2b3f,False,0.003905500764204594,highs,3.859404151006554e-11,0.4200455411216357,0.29502521660288844,0.37186392310359173,0.02697728144763442,4.298663146742905,53.18943932717458,453.08071641669505
713,6.889049964476601,0.003945561494970384,35,126,95,a1f2837b0aceda0d2b3f,False,0.003946784527319525,highs,3.959186865505284e-11,0.4212485021198263,0.297651261303463,0.3759570633713196,0.027490069952811877,4.295928423899625,53.23652329858597,453.54326516713087
714,6.893038526880493,0.003988562403893781,35,126,95,a1f2837b0aceda0d2b3f,False,0.003988562403896269,highs,4.061645141532631e-11,0.4224667165110162,0.3003061004075488,0.38009627271234486,0.02801592074007974,4.29311682775361,53.28405237534085,454.0096042019426
715,6.8970705658316325,0.004032038951137018,35,126,95,a1f2837b0aceda0d2b3f,False,0.004032038951138921,highs,4.166810707443762e-11,0.42370007306164426,0.3029894224403539,0.38428093395436325,0.028554907242466863,4.290227631709294,53.332032976045994,454.47979904927007
716,6.901146550602361,0.0040759847707256824,35,126,95,a1f2837b0aceda0d2b3f,False,0.004075984770725806,highs,4.274715395484853e-11,0.42494847290436105,0.30570094748772436,0.3885104873420343,0.029107112389313225,4.287260074979586,53.38047140438587,454.95391387172526
717,6.905266944695088,0.004120394092728574,35,126,95,a1f2837b0aceda0d2b3f,False,0.004120394092729764,highs,4.385391144292337e-11,0.42621182884149583,0.30844042535745314,0.39278442711939243,0.029672628238398748,4.284213362477631,53.42937385801344,455.4320115637575
718,6.90943220640299,0.004165261707900214,35,126,95,a1f2837b0aceda0d2b3f,False,0.004165261707900098,highs,4.49886999821934e-11,0.42749006469791906,0.3112076338698406,0.39710229835424227,0.03025155564533024,4.281086664653012,53.47874643690698,455.91415384312324
719,6.913642789337781,0.004210582934789819,35,126,95,a1f2837b0aceda0d2b3f,False,0.004210582934792117,highs,4.615184104520843e-11,0.42878311471957026,0.31400237726727276,0.40146369398580295,0.030844003966796915,4.277879117273898,53.52859515123095,456.4004013368823
720,6.91789914292697,0.0042563535891870785,35,126,95,a1f2837b0aceda0d2b3f,False,0.004256353589186417,highs,4.734365708452157e-11,0.43009092301380225,0.3168244847336495,0.4058682520776842,0.03145009079442236,4.274589821156292,53.5789259287357,456.8908136623039
721,6.922201712882612,0.004302569955643598,35,126,95,a1f2837b0aceda0d2b3f,False,0.004302569955641128,highs,4.8564471474833506e-11,0.43141344302854007,0.3196738090152412,0.41031565326086106,0.032069941716589,4.271217841841321,53.62974462172821,457.3854495030421
722,6.926550941643585,0.004349228760975876,35,126,95,a1f2837b0aceda0d2b3f,False,0.0043492287609770254,highs,4.9814608442454804e-11,0.4327506370670208,0.3225502251352095,0.41480561835129326,0.03270369010556287,4.2677622092211855,53.68105701364342,457.8843666809042
723,6.930947268813322,0.004396327169733816,35,126,95,a1f2837b0aceda0d2b3f,False,0.004396328837296777,highs,1.1102230246251565e-16,0.4341024713921458,0.3254536345535046,0.4193378962421088,0.03335147719590677,4.264221922723259,53.73286883396379,458.38762303019513
724,6.935391131615109,0.004443862801786658,35,125,95,cca36fc634ec32ac082e,True,0.004443865815640605,highs,8.673617379884035e-19,0.43546892930088327,0.3283839595578267,0.4239123030026406,0.034013450936491274,4.2605959426385205,53.78518575740452,458.89527543781924
725,6.939882965366212,0.004491833751102625,35,125,95,cca36fc634ec32ac082e,False,0.0044918384618746025,highs,1.1102230246251565e-16,0.43684999629508375,0.3313411497701545,0.4285287574432129,0.0346897667501827,4.256883194755789,53.83801341753744,459.4073807342109
726,6.944423203890123,0.004540238523910389,35,125,95,cca36fc634ec32ac082e,False,0.004540245354923245,highs,1.1102230246251565e-16,0.4382456686231031,0.3343252065275841,0.43318717712328925,0.03538058770349392,4.253082570159826,53.89135741797551,459.92399587178176
727,6.9490122799000185,0.004589076009893667,35,125,96,e33931e1a1462d38901d,True,0.004589096399416593,highs,1.1102230246251565e-16,0.43965596073072716,0.3373362257061694,0.4378874435088583,0.03608608370211368,4.249192923600609,53.94522333891081,460.445178108032
728,6.953650625582619,0.004638345682600686,36,125,96,e33931e1a1462d38901d,False,0.004638356230232962,highs,1.1102230246251565e-16,0.4410808721865891,0.3403739998528976,0.44262938472882246,0.036806430713647156,4.2452130750940995,53.99961673209681,460.97098318200494
729,6.958338672158347,0.004688046575724414,36,125,95,fcd8e063322eba8498f5,True,0.004688054631695223,highs,2.7755575615628914e-17,0.44252047797963334,0.3434385693235533,0.44741297300398286,0.03754181380299999,4.241141797258402,54.05454311190907,461.50146695678274
730,6.963076850142818,0.004738177984468628,36,125,95,fcd8e063322eba8498f5,False,0.004738187122929163,highs,1.1102230246251565e-16,0.44397476696957683,0.34652995460400016,0.4522381824158381,0.03829242499615224,4.236977826653396,54.11000796341549,462.0366849228883
731,6.967865589683918,0.004788739541100817,36,125,95,fcd8e063322eba8498f5,False,0.004788751770773601,highs,9.615348334371624e-12,0.4454437459188095,0.34964819066541225,0.45710501507641316,0.03905846079892402,4.232719856682877,54.16601674208664,462.5766920444654
732,6.972705320915914,0.004839731231992772,36,125,95,fcd8e063322eba8498f5,False,0.004839748099225475,highs,1.9235127910301912e-11,0.44692744663114736,0.3527933272861822,0.46201349642385514,0.03984012390147774,4.228366538191807,54.222574883691564,463.1215430308978
733,6.977596474282598,0.004891153366682666,36,125,95,fcd8e063322eba8498f5,False,0.00489117615859875,highs,2.4229282812379084e-11,0.44842590650939773,0.35596542913678403,0.4669636813626206,0.04063762368637924,4.223916479206982,54.27968781137183,463.6712925185321
734,6.982539480835718,0.004943006553117968,36,125,95,fcd8e063322eba8498f5,False,0.004943049412250289,highs,2.664019336143755e-11,0.4499391688918783,0.359164575233776,0.471955650439732,0.04145117650579065,4.219368244407944,54.33736094190249,464.22599521400474
735,6.98753477250828,0.004995291672559077,36,125,95,fcd8e063322eba8498f5,False,0.0049953587710829025,highs,2.7613282596310642e-11,0.4514672829753424,0.36239085773547225,0.4769895085006913,0.04228100568090971,4.214720354369917,54.39559969120742,464.7857060148598
736,6.992582782366051,0.005048009857772762,36,125,95,fcd8e063322eba8498f5,False,0.005048104797765937,highs,2.7790795678331208e-11,0.4530103035787425,0.36564438220963724,0.4820653833874637,0.04312734138792501,4.209971284621645,54.45440947934752,465.3504801191274
737,6.997683944842247,0.005101162476195853,36,125,95,fcd8e063322eba8498f5,False,0.0051012893975862375,highs,2.753270753987853e-11,0.454568290904769,0.36892526694857014,0.4871834248448906,0.04399042053344565,4.205119464562907,54.51379573522286,465.92037313274807
738,7.002838695959971,0.005154751117721901,36,125,95,fcd8e063322eba8498f5,False,0.005154914768123698,highs,2.7040650500127168e-11,0.4561413103460108,0.37223364263580894,0.4923438037042119,0.044870486655573874,4.200163276258107,54.57376390115866,466.4954411804983
739,7.008047473546276,0.005208777586305224,36,125,95,fcd8e063322eba8498f5,False,0.0052089834023838835,highs,2.6427436659324702e-11,0.4577294323509703,0.37556965216289107,0.4975467113379968,0.04576778986090334,4.195101053104913,54.63431943750242,467.0757410243792
740,7.013310723128942,0.0052632495826667736,36,124,96,b6e5e7bfdbc318e0cb95,True,0.005263416953347592,highs,1.3877787807814457e-17,0.4593325711795946,0.37893279328695045,0.5027917879714252,0.0466825803097107,4.189931283329746,54.69546805271065,467.66133383077954
741,7.018628881140449,0.0053181580115051474,38,124,96,b6e5e7bfdbc318e0cb95,False,0.005318291170956528,highs,5.551115123125783e-17,0.46095077300185594,0.3823231879585357,0.5080788487780894,0.047615133298186355,4.1846520337641495,54.75721481923063,468.25225607608434
742,7.024002379026114,0.005373497885668321,38,124,97,187a0d7d8384f0370be6,True,0.00537355995737955,highs,5.551115123125783e-17,0.46302674775811253,0.3857413110770091,0.5134083099302768,0.048565729918734125,4.179261265912686,54.81956454426519,468.84853575215686
743,7.02943165634753,0.005429277321419512,38,125,97,dac793984bd552b8696a,True,0.005429292016288099,highs,1.734723475976807e-18,0.465829263863454,0.38918739956099946,0.5187806439438114,0.04953463106375177,4.173757064273843,54.882522445341124,469.4502189878685
744,7.034917156266781,0.005485499919251957,38,125,97,dac793984bd552b8696a,False,0.005485500257782429,highs,2.6819468214591325e-11,0.46865401007819124,0.3926616565372801,0.5241961687947646,0.05052210549918861,4.1681374547670575,54.946093794187206,470.05735357270214
745,7.040459326758075,0.0055421704912896885,38,125,96,579dd63be7558b43c10f,True,0.005542171284261639,highs,1.775483686825495e-11,0.47150114459163434,0.396164166713763,0.5296550825929967,0.051528440238996685,4.162400437058425,55.01028399145275,470.6699912278581
746,7.046058616992261,0.005599290234187926,38,125,95,cca36fc634ec32ac082e,True,0.005599298934055358,highs,3.2402425210168153e-12,0.47437083711652095,0.3996950486441424,0.5351575606365689,0.05255393764878303,4.156543902839992,55.07509832840063,471.2881769963084
747,7.0517154786770435,0.005656861684784076,38,125,95,cca36fc634ec32ac082e,False,0.005656908586179681,highs,3.6234751372529148e-12,0.47726326480428766,0.40325444183752257,0.5407038131057164,0.0535989092812374,4.150565673924829,55.140542097383964,471.9119549575928
748,7.057430365935539,0.005714887258500667,38,125,95,cca36fc634ec32ac082e,False,0.005714982418134517,highs,3.785957475408088e-12,0.4801786041090219,0.4068424802707375,0.5462940462592837,0.05466367045199277,4.144463495289774,55.20662057793008,472.54136755444716
749,7.063203735170416,0.005773369234873371,38,126,95,a1f2837b0aceda0d2b3f,True,0.0057735052505067915,highs,3.826127121610783e-12,0.4831170646697357,0.4104594479592014,0.5519287879724895,0.055748541656060704,4.138235033020467,55.27333904987389,473.176457479379
750,7.069036045449199,0.005832310278785613,38,126,95,a1f2837b0aceda0d2b3f,False,0.005832396671460707,highs,3.799162582670848e-12,0.4860790210265434,0.41410596390867405,0.5576083249785481,0.056853850863935025,4.131877895956726,55.340702905341885,473.81727723043366
751,7.074927759602871,0.0058917141536722895,38,126,95,a1f2837b0aceda0d2b3f,False,0.005891780879660808,highs,3.735975566788622e-12,0.489064723637025,0.4177819894242021,0.5633330849603526,0.057979916554530685,4.125389602943827,55.40871751645591,474.46387096557487
752,7.080879345527341,0.005951585924470315,38,126,95,a1f2837b0aceda0d2b3f,False,0.0059516450637028635,highs,3.653865504093762e-12,0.49207437858640574,0.421487819907777,0.569103550860886,0.05912707480486422,4.118767619521503,55.47738833800692,475.1162862662072
753,7.086891276151138,0.00601193062379668,38,126,95,a1f2837b0aceda0d2b3f,False,0.006011982845095376,highs,3.562496633722585e-12,0.4951082566465006,0.42522369877970934,0.5749201010751531,0.06029567682544282,4.112009356932796,55.54672095487672,475.77457468858114
754,7.092964028767006,0.006072752615867039,37,125,95,cca36fc634ec32ac082e,True,0.006072786662436924,highs,4.882278505886082e-11,0.49816647221267735,0.42901470261531555,0.5807831380853112,0.061486079661351126,4.105112149750147,55.61672103567852,476.43879117700544
755,7.099098085282011,0.006134056515006314,37,125,95,cca36fc634ec32ac082e,False,0.006134077408896482,highs,1.6019964948504898e-11,0.50124924888392,0.43310419798985117,0.5866932465952469,0.06269864600590501,4.098073261871594,55.68739436180441,477.1089954182864
756,7.105293931908814,0.006195846626802393,37,125,95,cca36fc634ec32ac082e,False,0.00619588873818608,highs,1.4239968843115473e-11,0.5043569022625082,0.43722649163367194,0.592650966567676,0.06393374317334415,4.090889867693731,55.758746788024226,477.78524926108236
757,7.11155206015623,0.006258128247416117,37,125,95,cca36fc634ec32ac082e,False,0.006258280054656521,highs,1.2657750082769312e-11,0.5074899102514916,0.44138204772807055,0.5986569726906741,0.06519174453517446,4.0835590573484,55.83078430774246,478.4676201560195
758,7.1178729674244146,0.006320907268182907,37,125,95,cca36fc634ec32ac082e,False,0.006321206570864823,highs,1.1251333406906054e-11,0.5106484594742076,0.44557150435526716,0.6047119065181179,0.0664730306643582,4.076077825208897,55.903513085047095,479.1561826124629
759,7.124257157866572,0.0063841904421568785,37,125,95,cca36fc634ec32ac082e,False,0.006384684658997341,highs,1.0001185250583151e-11,0.5138330403857947,0.4497953709278013,0.6108165971807376,0.06777799009940469,4.06844305180655,55.97693950309313,479.85102045033045
760,7.130705146736022,0.006447988869449084,36,124,95,8ddcc911dbefa2315cea,True,0.006448394601331991,highs,4.0004741002332624e-11,0.5170431323885538,0.4540518700528626,0.6169694769008967,0.06910699884103177,4.0606518094039,56.05106995854845,480.552192391617
761,7.137217448602061,0.006512301866038683,36,124,95,8ddcc911dbefa2315cea,False,0.0065126600445300775,highs,1.734723475976807e-18,0.5202789185006758,0.45834099887985374,0.6231704193654529,0.070460489037111,4.052700802987559,56.12591049369819,481.2597430698665
762,7.143794567241182,0.006577118639121693,37,125,94,2923ca8bf3d1bed08e27,True,0.006577290790378342,highs,6.938893903907228e-18,0.523540821535198,0.4626641063105449,0.6294200523619433,0.07183893373105356,4.04458630903597,56.20146690851149,481.9737338123172
763,7.150437006921862,0.006642439680677015,37,125,94,2923ca8bf3d1bed08e27,False,0.006642530139050814,highs,1.1102230246251565e-16,0.5268291196414363,0.467021438020777,0.6357189901762033,0.07324272380065029,4.036304659582113,56.277744877223604,482.6942099859401
764,7.157145276691559,0.006708269769696962,37,125,94,2923ca8bf3d1bed08e27,False,0.0067083016203896345,highs,1.1102230246251565e-16,0.5301441315744908,0.47141332511030304,0.6420678236489632,0.07467223795618406,4.027852006648969,56.35475005925276,483.42121495688247
765,7.163919891695765,0.00677461500420673,37,125,94,2923ca8bf3d1bed08e27,False,0.006774618315741026,highs,1.1102230246251565e-16,0.5334860997674649,0.4758401177472667,0.6484670087207751,0.0761278950240555,4.019224378552243,56.432488250598084,484.15479627905654
766,7.170761373259006,0.006841481563243157,37,125,94,2923ca8bf3d1bed08e27,False,0.0068414832624559534,highs,3.469446951953614e-18,0.5368552972358214,0.48030216555495664,0.6549170788964418,0.07761014539605472,4.010417657766709,56.51096534777283,484.8950036059174
767,7.17767024915396,0.006908875894949595,37,125,94,2923ca8bf3d1bed08e27,False,0.006908876265632984,highs,3.3881317890172014e-21,0.5402520011374323,0.48479985097868294,0.6614186031660463,0.07911946001466695,4.001427577741042,56.59018735866611,485.6418889529767
768,7.184647053449667,0.006976804295706351,37,125,94,2923ca8bf3d1bed08e27,False,0.006976804295707132,highs,6.938893903907228e-18,0.5436764894554159,0.4893335489560372,0.6679721396489942,0.08065632212562339,3.9922497105203547,56.670160392517204,486.3955063871893
769,7.191692326213764,0.007045272764097277,37,125,94,2923ca8bf3d1bed08e27,False,0.007045272764097952,highs,1.1102230246251565e-16,0.5471290415800361,0.49390362606875116,0.6745782297356369,0.08222122290343754,3.9828794532048777,56.750890647108875,487.155911570699
770,7.198806613216827,0.007114287003060937,37,124,94,fdb9470bad37ca8a1081,True,0.0071142870030603995,highs,1.0164395367051604e-20,0.5506099358334585,0.4985104409834827,0.6812373973160423,0.08381465930294438,3.9733120134190063,56.832384397499354,487.9231614027517
771,7.205990465687156,0.007183852470330265,37,124,94,fdb9470bad37ca8a1081,False,0.007183852470329864,highs,2.168404344971009e-19,0.554119449990816,0.5031543464526668,0.6879501517999574,0.08543713354614599,3.9635423938533494,56.91464798701696,488.69731375075077
772,7.213244440135888,0.007253974448731881,37,124,94,fdb9470bad37ca8a1081,False,0.007253974448733802,highs,1.1102230246251565e-16,0.5576578620072952,0.507835691826687,0.6947169926911554,0.0870891535779388,3.953565375805113,56.997687820731926,489.47842725853644
773,7.220569098252581,0.007324658116691474,37,124,94,fdb9470bad37ca8a1081,False,0.007324658116691858,highs,1.1102230246251565e-16,0.561225450791926,0.5125548254951822,0.7015384143994994,0.08877123395710224,3.9433755014341063,57.08151036111613,490.2665612161981
774,7.227965006862188,0.007395908609606927,37,124,94,fdb9470bad37ca8a1081,False,0.007395908609603781,highs,1.1102230246251565e-16,0.5648224968956572,0.5173120969783125,0.708414910530156,0.09048389686619361,3.9329670543996613,57.16612212549518,491.06177547724826
775,7.2354327379307675,0.007467731068581784,37,124,94,fdb9470bad37ca8a1081,False,0.00746773106858188,highs,1.1102230246251565e-16,0.5684492830628975,0.5221078585616272,0.715346977337056,0.0922276730678872,3.92233403848759,57.25152968487799,491.8641304108771
776,7.242972868607078,0.007540130676309431,37,124,94,fdb9470bad37ca8a1081,False,0.00754013067631112,highs,1.1102230246251565e-16,0.5721060946379483,0.5269424664741066,0.7223351162806789,0.09400310272703524,3.9114701537781427,57.33773966378839,492.67368687929707
777,7.2505859812886095,0.007613112681531753,37,124,95,be92181bb36b01b3964f,True,0.007613112681530822,highs,1.1102230246251565e-16,0.5757932198408533,0.5318162816653268,0.7293798357709085,0.09581073607479575,3.900368769835467,57.42475874078778,493.49050623243846
778,7.258272663702893,0.007686682414284718,37,124,95,be92181bb36b01b3964f,False,0.007686682414283502,highs,5.551115123125783e-17,0.579510949936979,0.5367296702602568,0.7364816522370593,0.09765113392254907,3.889022895307396,57.51259364944525,494.3146503142448
779,7.266038839114625,0.007766175411731524,38,123,96,3ab2ec7eccf92a52f64b,True,0.008069487875237466,highs,1.1102230246251565e-16,0.5827146949393274,0.5410276752353935,0.7429045812760986,0.09917087000371808,3.878087211321531,57.60263830775771,495.18326974164523
780,7.2738857161127255,0.007846876998099717,38,123,95,ba61a602d6ab3cf4df35,True,0.011031896322856349,highs,1.734723475976807e-18,0.5850052802564798,0.5484617259596805,0.7508140089973696,0.09902913049203191,3.869122120176583,57.698684947331614,496.2092662821141
781,7.281772002643409,0.007886286530684572,38,119,98,c77f1c75184edc3051a3,True,0.016983588919037798,highs,1.1102230246251565e-16,0.5936682766405075,0.5586082530005269,0.7656903328117973,0.0955713504487494,3.8618640196475935,57.8029556950024,497.5065418838482
782,7.289735090634964,0.007963087991554652,38,118,100,8be7f101478860b173bf,True,0.02073996552486782,highs,1.1102230246251565e-16,0.5979026726177483,0.574819857921558,0.7691645019046631,0.08999824353261413,3.8562329854310797,57.91500165514972,499.0181067912176
783,7.2977989708615505,0.008063880226585773,39,121,97,0db62beff57b7472ded6,True,0.024686825104658347,highs,1.1102230246251565e-16,0.6008985677692988,0.59492333025566,0.7799062808276012,0.08411277769288776,3.852114804054343,58.036340976219485,500.7786532324993
784,7.306075015894984,0.008276045033432489,39,120,98,5d2a5bcb25094d18c754,True,0.026099991946118454,highs,5.551115123125783e-17,0.6157899263758103,0.6118135219751083,0.8287694605532854,0.08144062011674151,3.85063110095425,58.166298070023075,502.69917699149994
785,7.314474778576332,0.00839976268134901,39,120,96,40822d7592b0ef7f656a,True,0.027913442425053826,highs,2.168404344971009e-19,0.6316732393719322,0.6279095787074,0.8853286581169447,0.08228991861889849,3.850175443086056,58.30471317339958,504.81678753465565
786,7.322897308178495,0.008422529602162498,40,121,94,c1b50a8f4773bb3c30c4,True,0.030252044902300587,highs,6.938893903907228e-18,0.6493721235567244,0.6761357771625458,0.9447326503344173,0.08730964826019746,3.8502669792186586,58.45056958726178,507.13329887467074
787,7.331323208231944,0.008425900053448565,41,125,90,edf987755e752a52e4ec,True,0.03345211440196721,highs,1.1102230246251565e-16,0.681891677645878,0.7359273681109281,1.0111445613591312,0.09882338555135471,3.850838222524901,58.605303864533184,509.7053052161599
788,7.339733837627881,0.008410629395935842,42,128,87,4d2efbd0b917e44675aa,True,0.0379212724344619,highs,2.710505431213761e-20,0.7203540680717324,0.8060709186807475,1.0871375116961832,0.12032628977549754,3.851914501017621,58.771290524656365,512.6034372835877
789,7.349019472478032,0.009285634850153102,41,123,93,fb0835f4fa421e7a55b2,True,0.03115877694468939,highs,2.1976872059782167e-11,0.7270871235886205,0.8394262779725911,1.0443495153580895,0.12455062086941768,3.859606716960868,58.94742924289763,515.47794787219
790,7.359223679064465,0.010204206586432285,42,122,95,297f0937f0d9795854cf,True,0.0272445286459018,highs,1.1102230246251565e-16,0.7193577172533293,0.8436585579949536,1.0210426363892227,0.12839189447874025,3.868487825552437,59.12753192067598,518.2023510966582
791,7.369680650466174,0.010456971401707982,43,126,89,b332d6996b05211baa10,True,0.019809687948422666,highs,1.1102230246251565e-16,0.718522918094628,0.8431003802955361,1.060913616197307,0.13754606263126562,3.8740009543161964,59.30406414697919,520.7494847197852
792,7.380547821002851,0.010867170536676518,43,125,91,5d943cb229f76186a173,True,0.017047202990337677,highs,5.382190250788508e-12,0.720760425893116,0.8451004743020355,1.0875648630452441,0.14629371195249002,3.878846837458099,59.48687961722288,523.3963065635896
793,7.391807486833525,0.011259665830676724,42,126,90,8d259279532be592cbf0,True,0.014204823941407485,highs,2.1942837185139274e-11,0.7234651306589559,0.8479088169009245,1.103704215193509,0.15295740765529964,3.8845218053449186,59.67671270752352,526.1298200095821
794,7.40341415573996,0.01160666890643558,42,126,89,9f93d0c235064a529c65,True,0.013048185707957361,highs,5.62208011439095e-12,0.7267641998720182,0.8578275604397161,1.1195235017603336,0.15967129235700855,3.8907345596600584,59.87258288080969,528.9380068546243
795,7.415326582947257,0.011912427207300347,42,126,89,9f93d0c235064a529c65,False,0.012432300933790816,highs,1.2420441693165266e-11,0.7298754734764024,0.8676150046642443,1.1338373633992744,0.16597388154955484,3.8974859998171896,60.07374741442014,531.8106514085621
796,7.427504732830316,0.012178149883061984,42,126,89,9f93d0c235064a529c65,False,0.012206240114311732,highs,1.4067473193907658e-11,0.7326591885838422,0.8760849030155688,1.1466985601592192,0.17171934316580034,3.9047428584726838,60.27964296348531,534.7429400214296
797,7.439910926603709,0.012406193773391472,42,126,89,9f93d0c235064a529c65,False,0.012426536594497838,highs,1.0870705579974918e-11,0.7351232735614202,0.8835703906257428,1.1584738325431492,0.1769524873179062,3.912458078785164,60.48974324158382,537.7304198465685
798,7.45251118346168,0.012600256857965952,42,126,89,9f93d0c235064a529c65,False,0.012618222534247816,highs,7.938603565331486e-12,0.7372768071676077,0.890228454082596,1.1694591453784613,0.1817688055420718,3.920582476993794,60.703552147229395,540.7683658928853
799,7.465275697583671,0.012764514121993642,42,126,89,9f93d0c235064a529c65,False,0.012780918648916235,highs,6.9699608752976885e-12,0.7391373362083649,0.8962133978149578,1.1798232594087161,0.18626265986729354,3.929068853178396,60.920618479917245,543.852143818102
800,7.478178770625866,0.012903073042193292,42,126,89,9f93d0c235064a529c65,False,0.012918037220310104,highs,6.953335099527708e-12,0.7407262796794538,0.9016541221352464,1.1897342357575706,0.19051387093975256,3.9378738086512106,61.14054330580184,546.9774757266321
801,7.491198504463133,0.013019733837265512,42,126,89,9f93d0c235064a529c65,False,0.013033527748862359,highs,7.3081745753986e-12,0.7420738839152299,0.9066574799139164,1.199294720322165,0.19458613567934943,3.9469585803270926,61.36298054894925,550.1405505892521
802,7.50431640302959,0.01311789856645973,42,126,89,9f93d0c235064a529c65,False,0.013131375998078235,highs,7.790472205618884e-12,0.7432116248448326,0.9113110705089481,1.2085963442627166,0.1985286950102486,3.956289257351732,61.58763406953118,553.3380510659281
803,7.517516952343932,0.013200549314341004,42,126,89,9f93d0c235064a529c65,False,0.013213606955065323,highs,8.291102466157008e-12,0.7441700161855543,0.9156767604186311,1.217702400312022,0.20237879052888094,3.965836612733364,61.814253135685206,556.567139204976
804,7.530787213960249,0.013270261616317391,42,126,89,9f93d0c235064a529c65,False,0.013283034066050954,highs,8.752340759925428e-12,0.7449774641015933,0.9198093025352168,1.2266595822058224,0.20616412225473138,3.9755757248480013,62.04262728811017,559.8254212065601
805,7.544116450264718,0.01332923630446814,42,126,89,9f93d0c235064a529c65,False,0.013341288188551514,highs,9.149235319239106e-12,0.7456597841948861,0.9237526048500619,1.235500829662531,0.2099050192542052,3.985485505747505,62.272581158915294,563.1109022449781
806,7.557495790040362,0.013379339775644539,42,126,89,9f93d0c235064a529c65,False,0.01339035637786409,highs,9.479368235497376e-12,0.7462390661280819,0.9275420054331047,1.2442617786978127,0.21361623444696554,3.995548207598513,62.503969565254565,566.4219380876933
807,7.570917936516769,0.013422146476404606,42,126,89,9f93d0c235064a529c65,False,0.013431903032460897,highs,9.750653739393809e-12,0.7467349008160044,0.9312068748601011,1.2529484666870554,0.21730836766627554,4.005748947831015,62.736673045442814,569.7571876432976
808,7.58437691644697,0.013458979930199177,42,126,89,9f93d0c235064a529c65,False,0.01346731952937953,highs,9.972859625273252e-12,0.7471641364732022,0.9347703604586404,1.2615691373349138,0.22098896112322866,4.016075274060756,62.97059390617641,573.1155687908783
809,7.597867866788043,0.013490950341072505,42,126,89,9f93d0c235064a529c65,False,0.013497767898820335,highs,1.0154291594306588e-11,0.747541142577201,0.9382504208303721,1.2701324828655585,0.22466332407664769,4.0265167778078474,63.20565278802117,576.4962186459693
810,7.611386854703036,0.013518987914991953,42,126,89,9f93d0c235064a529c65,False,0.013524287366094553,highs,1.0301419194596195e-11,0.7478800254625384,0.9416624278434002,1.278640644922271,0.22833514281641487,4.037064758833955,63.44178572099155,579.8984586507231
811,7.624930726421238,0.013543871718202816,42,126,89,9f93d0c235064a529c65,False,0.013547723519238877,highs,1.041936039189511e-11,0.748191874039362,0.9450191649071883,1.287096812095026,0.23200692559215472,4.047711937845439,63.67894162409088,583.3217644126881
812,7.638496980700054,0.013566254278816636,42,126,89,9f93d0c235064a529c65,False,0.01356905810951083,highs,1.051232802821315e-11,0.748481919396958,0.9483312198478713,1.2955030311404059,0.2356803237274304,4.058452213228432,63.91708019576213,586.765739959648
813,7.6520836630338485,0.013586682333794009,42,126,89,9f93d0c235064a529c65,False,0.013589175167754878,highs,1.0583882048132783e-11,0.7487574456172406,0.951607399332627,1.3038608650311387,0.23935636175718178,4.069280456638646,64.15617014189696,590.230095955445
814,7.665689277234234,0.013605614200385752,42,126,89,9f93d0c235064a529c65,False,0.013608059184354144,highs,1.0637060452258555e-11,0.7490245563107271,0.9548550548483099,1.3121714491083534,0.24303560189254508,4.080192342160808,64.3961876914228,593.7146313829624
815,7.67931271149181,0.013623434257572065,42,126,89,9f93d0c235064a529c65,False,0.013625819203849303,highs,1.067446402136555e-11,0.7492883574111802,0.9580803409428083,1.320435647125723,0.2467182617866469,4.091184204051125,64.63711535462605,597.2192182109662
816,7.692953176482552,0.013640464990739787,42,126,89,9f93d0c235064a529c65,False,0.013642780266464868,highs,1.0698328067570966e-11,0.7495533148910279,0.9612884215289061,1.3286541538957404,0.2504042994923463,4.102252918572301,64.87894088510808,600.7437885985134
817,7.7066101534857525,0.013656977003200232,42,126,89,9f93d0c235064a529c65,False,0.013659215138460738,highs,1.0710587667330419e-11,0.749822808815665,0.9644836361993525,1.3368280855547765,0.2540934755657781,4.1133958059969995,65.12165641192456,604.2883242396142
818,7.72028728373897,0.013677130253218373,42,127,88,b6db47a6c733c6fb2dbc,True,0.0137490290962861,highs,1.0713164722889692e-11,0.7491729014630226,0.9653838561487239,1.3429187999793166,0.25728935453636925,4.124683929374191,65.36475964269722,607.8286665055901
819,7.733975980150153,0.013688696411183976,42,127,88,b6db47a6c733c6fb2dbc,False,0.014634271256104153,highs,1.0704519153534277e-11,0.7467301333174943,0.9631435574310884,1.3439477966396822,0.2590230462170019,4.136097325198533,65.60742103892483,611.3343456805998
820,7.747637529728817,0.01366154957866339,42,127,88,b6db47a6c733c6fb2dbc,False,0.014709781135385248,highs,1.070313168849567e-11,0.7433986408702191,0.9598650835589774,1.3417461886746915,0.25906913306367635,4.14744101764549,65.84926217068099,614.8121082083838
821,7.761233780438064,0.013596250709245972,42,128,87,cddca2012325f9b9f809,True,0.014631062329312616,highs,1.0657446829673093e-11,0.7395175862077955,0.9549065923335003,1.3367608702699876,0.2579889596456556,4.158659623587459,66.08989481546764,618.2632514456022
822,7.774739435690836,0.013505655252772364,42,128,87,cddca2012325f9b9f809,False,0.014294198239480613,highs,1.0655419551911064e-11,0.7356211271295904,0.949392143012715,1.328720860716067,0.25655456526820414,4.169870933231496,66.32949259104362,621.7029557705473
823,7.788150695329519,0.01341125963868528,42,128,87,cddca2012325f9b9f809,False,0.014103212907766689,highs,1.0660121090147918e-11,0.732039219988958,0.9437192719931315,1.3205333865178908,0.25583776641458955,4.181197138180652,66.56819478687882,625.132992391711
824,7.801475707014626,0.013325011685107135,42,128,87,cddca2012325f9b9f809,False,0.01435093139028165,highs,1.0525459854164598e-11,0.728281928263116,0.9381633875669475,1.313134453317713,0.25632720428683564,4.1927828649549514,66.80629625437004,628.5567122883198
825,7.814727378828365,0.01325167181373832,42,128,87,cddca2012325f9b9f809,False,0.014668419705984353,highs,1.0603462105854667e-11,0.7239680976041786,0.9327929729783582,1.3068389182484843,0.2582556723460122,4.204780938815317,67.04419614175373,631.9793730280757
826,7.827919492184289,0.013192113355925628,42,128,87,cddca2012325f9b9f809,False,0.01505857769281374,highs,1.0512534062950228e-11,0.7190452713532225,0.927576458453156,1.3017036783732265,0.26176880052937784,4.217351424821493,67.2823499955132,635.4075695582605
827,7.841064891414871,0.013145399230583443,42,128,87,cddca2012325f9b9f809,False,0.015532852756110589,highs,1.050192313933566e-11,0.7134294032320665,0.922423293639213,1.2976534640497759,0.26701965369861974,4.230661721519921,67.52124722590224,638.8488763855598
828,7.8541748095129105,0.013109918098039408,42,128,87,cddca2012325f9b9f809,False,0.016356865160992745,highs,1.0441539485979604e-11,0.7111597047871128,0.9172121184926347,1.2945616934299928,0.2742257502390012,4.2448863915249255,67.76140556505287,642.311711806835
829,7.867258763913217,0.013083954400308073,42,128,87,cddca2012325f9b9f809,False,0.017500045326837292,highs,1.0410222126282593e-11,0.7117271800398776,0.9168016752710288,1.297439850018276,0.2837102358995785,4.26020630209353,68.0033754833863,645.8053553322552
830,7.880324706996368,0.013065943083149456,42,128,87,cddca2012325f9b9f809,False,0.018850882548487515,highs,1.0385959557558341e-11,0.7146447848618125,0.9219773030285974,1.320081018604162,0.29594036395797774,4.27680671389809,68.24775033305022,649.3400665938592
831,7.89341505069603,0.013090343699662554,42,128,87,81a920653439f08d0b51,True,0.019777996626868674,highs,1.050122268312761e-11,0.7187470645361023,0.9314785789848812,1.3412058417717692,0.3128653105205377,4.294531279136357,68.49327663327242,652.8727129075947
832,7.906612236793763,0.013197186097731795,42,128,87,335e41af5a7692060f89,True,0.022184547557661763,highs,9.060048044064616e-12,0.7111094354654719,0.9305422640964341,1.3440269527993585,0.33696771818884014,4.3121624974119985,68.73392486946011,656.212667678391
833,7.919794211964159,0.013181975170395432,42,128,87,335e41af5a7692060f89,False,0.021344748225998945,highs,1.4548405606006224e-11,0.7015055997331057,0.9231148098377429,1.3343078851441212,0.3490801275753795,4.329546864331621,68.97205785546952,659.4788994153524
834,7.932858682275599,0.013064470311443088,42,128,87,335e41af5a7692060f89,False,0.02041545982797372,highs,3.0424190420664935e-12,0.6904989510601761,0.911807861698358,1.317384231124193,0.35252701644475914,4.3465408041867715,69.20650903520459,662.6685016670008
835,7.945728456874603,0.012869774599003847,42,128,87,335e41af5a7692060f89,False,0.019672383608963964,highs,1.566275369296551e-11,0.6783388588274453,0.8962283368649075,1.2943094926477599,0.34995353754121156,4.363012361069222,69.43619587439778,665.7708844002884
836,7.95834808092261,0.012619624048005207,42,128,87,335e41af5a7692060f89,False,0.019032322739381588,highs,1.028596891504871e-11,0.66528371008385,0.8774610304515678,1.2666063421352716,0.3430737220681893,4.3788610407983,69.66035573665079,668.7797443770638
837,7.970676899585619,0.012328818663008612,42,128,87,335e41af5a7692060f89,False,0.01873577224030081,highs,7.881526899608513e-12,0.6515439972713066,0.8564146209560448,1.2355000966494023,0.33318165107633707,4.394009417472899,69.87840608039483,671.6896815651463
838,7.982685383730343,0.012008484144724996,42,128,87,335e41af5a7692060f89,False,0.01845321024170752,highs,1.0533180663336569e-11,0.6373186179339458,0.8337526242318981,1.2019395931642394,0.32118875006305986,4.408406479907482,70.08993751937574,674.4972527290253
839,7.99435240557889,0.011667021848546177,42,128,87,335e41af5a7692060f89,False,0.018155178433527437,highs,1.0470432331286218e-11,0.6227725802129895,0.8099696686363684,1.1666544186590255,0.30778783693497774,4.422021855674638,70.29466716771444,677.2003342848875
840,8.005663273199373,0.011310867620479392,42,128,87,335e41af5a7692060f89,False,0.017825666328990297,highs,1.0298967176272535e-11,0.6080398733941286,0.7855900252553318,1.1302062817662337,0.29350578430790886,4.434841374347949,70.49240993449135,679.7978349756247
841,8.016608275470203,0.010945002270830173,42,128,87,335e41af5a7692060f89,False,0.017471239352861205,highs,1.0124747252335911e-11,0.5932280821588272,0.7609988951239868,1.0930371729663184,0.2787435034366556,4.44686316323739,70.68305658869687,682.2894628666246
842,8.027181589793415,0.01057331432321007,42,128,87,335e41af5a7692060f89,False,0.017097700536467742,highs,1.0027978683862989e-11,0.5803292968362941,0.7365082582220077,1.0554822882284185,0.26380508808424247,4.4580945502255,70.86655733532379,684.675552366566
843,8.03738045218769,0.010198862394272368,42,128,87,335e41af5a7692060f89,False,0.016710038961558957,highs,1.0009514605074453e-11,0.569399664718851,0.7119127752034105,1.0178132222436256,0.24892023109307465,4.468549644045735,71.04290923497742,686.9569309923763
844,8.047204517713817,0.009824065526125025,42,128,87,335e41af5a7692060f89,False,0.01631252751307299,highs,1.0029120518449536e-11,0.558453863106084,0.6873549208507119,0.9805123113354361,0.2342613664894285,4.478247452222163,71.21214637310992,689.1348132841584
845,8.056655360754291,0.009450843040474055,42,128,87,335e41af5a7692060f89,False,0.015908804476039658,highs,1.0052953009108511e-11,0.5475488155473691,0.6629473682011132,0.9477205022644875,0.21995664603653484,4.487210421827191,71.37433207893986,691.2107153610157
846,8.065736079475611,0.009080718721323322,42,128,87,335e41af5a7692060f89,False,0.015501951565425772,highs,1.0067064790522238e-11,0.5367297904293701,0.6387791090131982,0.9150493892077814,0.2060997755496461,4.495463309107365,71.52955269815374,693.186385509304
847,8.074450979101503,0.008714899625891448,42,128,87,335e41af5a7692060f89,False,0.015094564550862164,highs,1.0071911552672036e-11,0.5260327710931743,0.6149202335715727,0.8827852503359919,0.19275751946027875,4.503032304976376,71.67791256486848,695.0637475367421
848,8.08280531572977,0.008354336628270786,42,128,87,335e41af5a7692060f89,False,0.014688816947638253,highs,1.0072641026218708e-11,0.5154862591789489,0.5914255752008319,0.8523414664475987,0.17997548330478721,4.509944359883217,71.81952991208688,696.8448544057093
849,8.090807131207868,0.00800181547809764,42,126,89,c2f7c50904fab2e7855b,True,0.014115314929132474,highs,2.710505431213761e-20,0.5050187291376507,0.5682856353377664,0.8212787502122142,0.1671685048138339,4.516254594916756,71.95474789937515,698.5411960622678
850,8.09847357510049,0.007666443892619057,42,126,88,ca5e1cebde74a4f24a79,True,0.0127430268594549,highs,8.673617379884035e-19,0.4943530989933375,0.5456422982295199,0.7870017562178553,0.1525267180525512,4.521703514460215,72.08343805355499,700.147119687771
851,8.105829884207887,0.007356309107398928,42,126,88,ca5e1cebde74a4f24a79,False,0.011888444239248456,highs,1.3877787807814457e-17,0.48419583870359884,0.524356931180314,0.7537197602711833,0.13911206051774858,4.526496177744069,72.20647160074184,701.6805620669573
852,8.112901416799856,0.007071532591968577,42,126,88,ca5e1cebde74a4f24a79,False,0.0110298476018602,highs,2.7755575615628914e-17,0.475966858168286,0.5043994886223149,0.7223698232055175,0.12679562706892836,4.5306028670589775,72.32410212894106,703.1425097171252
853,8.119713161467104,0.006811744667245989,42,126,88,ca5e1cebde74a4f24a79,False,0.010332157641449864,highs,1.3552527156068805e-20,0.47122483982691343,0.4859884708331318,0.6933990929320607,0.11593078539749886,4.534105953299867,72.4368373154353,704.5401512958001
854,8.126289394107044,0.00657623263993834,42,126,88,ca5e1cebde74a4f24a79,False,0.009815776541358477,highs,1.1102230246251565e-16,0.4669188268877518,0.46909470893596494,0.6668755595956963,0.1063811913395952,4.537053069225783,72.54509481313998,705.8787357028183
855,8.132652973181852,0.006363579074808001,43,126,89,8f43fc07bd1e6d9c958f,True,0.00934607798613972,highs,2.7755575615628914e-17,0.4630453785245252,0.4536756220741598,0.642759190783603,0.09804504722115023,4.53949832125511,72.64929202188264,707.1637125908612
856,8.13882531030167,0.006172337119815907,43,126,89,8f43fc07bd1e6d9c958f,False,0.0089166343235675,highs,1.0638070457527955e-11,0.45957846557904425,0.4396454534868417,0.621072469778737,0.09077819081854933,4.541487732832197,72.74981442041687,708.4001317353589
857,8.144826250817822,0.006000940516145192,43,126,89,8f43fc07bd1e6d9c958f,False,0.008524052845490392,highs,1.1060709024508755e-11,0.4564894666070794,0.42690903567838173,0.6014619514027377,0.0844468259877893,4.5430616187968225,72.8470178398951,709.5926252201939
858,8.150674143569297,0.005847892751472017,43,126,89,8f43fc07bd1e6d9c958f,False,0.008169894239177248,highs,2.5467635353597816e-11,0.453749843769206,0.4153704616413283,0.5837745331181531,0.07893114937932054,4.544255322225722,72.9412309468024,710.7454834475774
859,8.156385907545442,0.005711763976146145,42,126,90,e701ee6f5272114d5f30,True,0.007852052145659044,highs,4.260197222835356e-12,0.4513321270573787,0.4049373125053916,0.5678620210782988,0.07412591908555091,4.545099775394421,73.032756602817,711.8626725204042
860,8.161977120345817,0.00559121280038255,42,126,90,e701ee6f5272114d5f30,False,0.007564683992916114,highs,1.1102230246251565e-16,0.44921066311443525,0.3955229870423701,0.5535851526662285,0.06994000859006042,4.545622176676213,73.12187390278129,712.9478647636012
861,8.16746211912322,0.005484998777395944,42,126,90,e701ee6f5272114d5f30,False,0.00730417130061836,highs,1.1102230246251565e-16,0.4473761573095599,0.3870475331311002,0.5408149714686464,0.06629489630479686,4.5458465484593855,73.20884025910854,714.0044701274298
862,8.172854104477752,0.0053919853545298935,42,126,90,e701ee6f5272114d5f30,False,0.007068349758135931,highs,9.770677843979901e-11,0.44581340157963323,0.37986561195268265,0.529433474126919,0.06312306500875281,4.5457941853352395,73.29389338955106,715.0356637740913
863,8.178165243980123,0.005311139502371276,43,126,90,e701ee6f5272114d5f30,False,0.0068554373500217935,highs,1.1102230246251565e-16,0.4444870431872403,0.37374544567269075,0.5193811716223493,0.06036653224215447,4.545484044602508,73.37725329633666,716.044414701489
864,8.18340677201932,0.0052415280391979735,43,126,90,e701ee6f5272114d5f30,False,0.006663868678196187,highs,1.1102230246251565e-16,0.4433796491627211,0.3683095369694383,0.5116778624687993,0.057975501617269706,4.544933036851155,73.4591240591191,717.0335095979312
865,8.18858908602423,0.0051823140049052085,43,126,90,e701ee6f5272114d5f30,False,0.00649581629781224,highs,1.1102230246251565e-16,0.4424755340027492,0.3635073635566525,0.5050307513113116,0.05590724619849469,4.5441563235324836,73.53969570284873,718.0055820275505
866,8.193721836450996,0.005132750426769306,43,126,90,e701ee6f5272114d5f30,False,0.006346767007041766,highs,2.220446049250313e-16,0.4417605843393626,0.3596959659647392,0.49936479671226874,0.0541250605899285,4.543167507682362,73.61914580226484,718.9631345561859
867,8.198814012336895,0.0050921758858972765,43,126,90,e701ee6f5272114d5f30,False,0.006215095388064515,highs,1.7816362543226934e-11,0.44122220430007875,0.35704825655917033,0.494615843898185,0.05259745420676233,4.541978830631036,73.69764113148753,719.9085645696457
868,8.203874021847302,0.005060009510408747,43,126,90,e701ee6f5272114d5f30,False,0.006099950207209138,highs,2.220446049250313e-16,0.4408491967768494,0.3548209695317006,0.4908237249587522,0.051297403478058924,4.5406013098102465,73.77533918236286,720.8441879757149
869,8.208909768567482,0.005035746720173151,43,126,90,e701ee6f5272114d5f30,False,0.006000632296887391,highs,6.776263578034403e-21,0.44063168374325434,0.35298792860975814,0.48788308119014684,0.05020175378404004,4.539044844820797,73.85238962950919,721.7722625715471
870,8.21392872459322,0.005018956025741872,43,126,90,e701ee6f5272114d5f30,False,0.005916592892618788,highs,3.469446951953614e-18,0.44056104907205956,0.351526293875276,0.4857900276289119,0.04929071412455242,4.537318298954748,73.92893579085143,722.6950131344677
871,8.218938000557023,0.0050092759638022955,43,126,90,e701ee6f5272114d5f30,False,0.005847435990014147,highs,2.070620647768532e-12,0.4406936337925822,0.35041639381788303,0.48444664702993034,0.04854742175508216,4.535429531341306,74.00511602974115,723.6146558449512
872,8.223945347995068,0.0050073474380400995,43,124,90,8e987b9e77fe7f91303d,True,0.005841680962762835,highs,1.1102230246251565e-16,0.44083919798947396,0.35034439252020966,0.48398098597251904,0.04801550134457453,4.533338909820562,74.08083782830303,724.5241636810022
873,8.228958341898487,0.005012993903420693,44,125,92,751e30d54aa3d1b7f742,True,0.005941071398635837,highs,1.1102230246251565e-16,0.441114523584871,0.3507518899676616,0.4840280671388443,0.0478454223471567,4.531106787883636,74.15626735562074,725.4226719042193
874,8.233976028218642,0.005017686320158532,44,126,86,1cfd2bf0d54df600332b,True,0.00595200245600788,highs,1.3877787807814457e-17,0.44165103417438867,0.35099636378731447,0.48387354090920265,0.04786159744622703,4.528829481976084,74.2316890141559,726.3167536630608
875,8.238997237369881,0.0050212091512378265,44,128,85,ecba845714618c3dcdba,True,0.00591506773114931,highs,4.070943842553635e-12,0.4421230160526257,0.3513446771152475,0.48383487208884485,0.04774994566426796,4.526441672925025,74.30697973304501,727.2072547499303
876,8.244018122919377,0.005020885549495091,44,127,85,f484c4d592cba9fda0df,True,0.005893286524970319,highs,1.8755113756747022e-11,0.44258738139997034,0.3516379716812396,0.4835544729926484,0.04758766587473837,4.52396530238485,74.38212093375222,728.0944735562794
877,8.249035698299208,0.0050175753798296086,44,127,85,f484c4d592cba9fda0df,False,0.005865493287384975,highs,2.2103593479088438e-11,0.4430152154114122,0.35188828192172616,0.48300313588015953,0.0473503930903814,4.5213852787743765,74.45703817477997,728.9775600483433
878,8.254047384902579,0.00501168660336937,44,127,87,6feee641c6636adf5e2e,True,0.005836108264943125,highs,4.607920123466347e-11,0.4434135515831613,0.35210307840846294,0.4821826655603522,0.047052205760833354,4.518691920046973,74.53167276605348,729.8557464249045
879,8.259051422294043,0.005004037391469041,44,127,85,8d837c68b2cf7b24699f,True,0.005805629054985195,highs,2.7755575615628914e-17,0.44379199735780944,0.3523065785547752,0.48123002027580714,0.046709240315681994,4.515875126243086,74.60597894224824,730.7284442192695
880,8.264046872875891,0.004995450581843031,44,127,85,8d837c68b2cf7b24699f,False,0.005785210609558012,highs,6.664928683011233e-12,0.4441637871241645,0.3525281092877719,0.4801714071636537,0.0463403682235182,4.512925267775939,74.67992442027982,731.595182342907
881,8.269033652944028,0.004986780068136909,44,127,85,8d837c68b2cf7b24699f,False,0.005756803433364964,highs,2.322876758595329e-11,0.4445427831414828,0.35280152420868993,0.4791602787027453,0.04596518443345638,4.509833708612756,74.7534921954603,732.4556549961696
882,8.274012498024964,0.004978845080934491,44,127,85,8d837c68b2cf7b24699f,False,0.005722345737754129,highs,2.5042109166365015e-11,0.4449425593997614,0.35315833502575755,0.47815584221708596,0.04560226739693871,4.506592932203911,74.8266804294799,733.3097408784297
883,8.278984883745245,0.004972385720277472,44,127,85,8d837c68b2cf7b24699f,False,0.005685301979899829,highs,2.4391243969712006e-11,0.44537583524596613,0.3536269764471177,0.47723767959885616,0.04526822132339534,4.503196557294143,74.89950130342854,734.1574946801209
884,8.283952927277287,0.00496804353203828,44,127,85,8d837c68b2cf7b24699f,False,0.005645972415524911,highs,2.2720485135504672e-11,0.44585381592138473,0.3542321880938585,0.47647623152730345,0.04497718181027579,4.499639281873309,74.97197943254419,734.999132716342
885,8.288919280117444,0.004966352840154897,44,127,85,8d837c68b2cf7b24699f,False,0.005605578426645929,highs,2.1029000982026957e-11,0.4463859632969695,0.3549943927448496,0.4759314103116693,0.04474065635305404,4.495916772461793,75.04415001084041,735.835012364068
886,8.293887021241806,0.004967741124366043,44,127,86,162efb6239f7acef947b,True,0.005565450476221813,highs,1.9574279664554214e-11,0.44697994849072414,0.35592965083547934,0.47609893002283055,0.04456760653377089,4.492025533437078,75.11605690589028,736.6656094505398
887,8.298859556252443,0.004972535010631773,44,127,86,162efb6239f7acef947b,False,0.005526756582239614,highs,1.8401506806365245e-11,0.44764171559518695,0.35704992719727924,0.476658456934432,0.044464670455066115,4.487962768737025,75.1877508183201,737.4914954211847
888,8.30384052581283,0.0049809695603855175,44,127,86,162efb6239f7acef947b,False,0.005490447820938239,highs,1.746895213221259e-11,0.44837561700698786,0.3583632760219578,0.4778560932447557,0.044436459805725234,4.483726247838165,75.25928758447674,738.3133156837257
889,8.308833725012395,0.004993199199562426,44,127,86,162efb6239f7acef947b,False,0.005457278391196558,highs,1.671832427628238e-11,0.4491845868832952,0.35987445999716683,0.4793971575139953,0.044485881980858254,4.47931418185202,75.33072666227712,739.1317698898389
890,8.313843034146727,0.00500930913433173,44,127,86,162efb6239f7acef947b,False,0.005427824407582368,highs,1.6098631260670285e-11,0.45007033029996,0.3615860123608079,0.4812887140451294,0.04461445577286344,4.474725112963123,75.40212981664291,739.9475945399113
891,8.31887236064789,0.005029326501160725,44,127,86,162efb6239f7acef947b,False,0.005403709423778,highs,1.557219211626241e-11,0.4510352199243328,0.3634976699718542,0.4835327714967976,0.04482260173846063,4.469957818265698,75.47356000451606,740.7615480275816
892,8.32392559143402,0.005053230786131735,44,127,86,162efb6239f7acef947b,False,0.005387386548358987,highs,1.5113462557687452e-11,0.45207999448223657,0.36560617235203263,0.48612718204389677,0.045109897682237346,4.4650112277710035,75.54508044927579,741.5743980698846
893,8.32900655469003,0.005080963256009596,44,127,86,162efb6239f7acef947b,False,0.005375864358541614,highs,1.470596762146812e-11,0.45320138906145324,0.3679074297824725,0.4890664344482077,0.04547529596423178,4.459884355586674,75.61675388849031,742.3869113651414
894,8.334118989977304,0.005112435287264461,44,127,86,162efb6239f7acef947b,False,0.005369233109208431,highs,1.4339338628857693e-11,0.45562871025600554,0.3703961438421323,0.4923423341933093,0.045917303315152515,4.45457624287451,75.68864197606317,743.1998452646034
895,8.339266525552743,0.005147535575437345,44,127,86,162efb6239f7acef947b,False,0.005380509862524861,highs,1.4007045047973133e-11,0.45836171134936915,0.3730704593408195,0.4959447452773412,0.046434126137395434,4.449085911043078,75.76080481898862,744.01394122001
896,8.344452661821848,0.0051861362691028035,44,127,86,162efb6239f7acef947b,False,0.005397974502219406,highs,1.3704843636684277e-11,0.46117787217196216,0.3759225519999816,0.4998620851586253,0.04702378540222307,4.443412323635027,75.83330062938904,744.8299197665557
897,8.349680759930482,0.005228098108634782,44,127,86,162efb6239f7acef947b,False,0.005419189381891987,highs,1.3429793139198641e-11,0.4640740748651769,0.37894168542310447,0.5040817786100446,0.047684205622672,4.43755435546192,75.90618547375547,745.6484768112654
898,8.354954034599702,0.005273274669216121,44,127,86,162efb6239f7acef947b,False,0.005444082683508332,highs,1.317966375794383e-11,0.4670471556553536,0.3821203962968784,0.5085906328153733,0.04841328228175496,4.431510767678239,75.9795131029878,746.4702810148794
899,8.360275550413842,0.005321515814138422,44,127,86,162efb6239f7acef947b,False,0.005472558708187343,highs,1.2952602428432622e-11,0.47009395880783456,0.3854511326239146,0.5133751428500244,0.049208931733303894,4.425280187643022,76.05333484868873,747.2959720772071
900,8.36564822087782,0.005372670463977158,44,127,86,162efb6239f7acef947b,False,0.005504502333000779,highs,1.2746954794380556e-11,0.47321137906783073,0.3889263722799278,0.5184674941183687,0.05006912710535964,4.418861092574356,76.12769957304269,748.1261597589641
901,8.37107480965896,0.005426588781141106,44,127,86,162efb6239f7acef947b,False,0.005539784839876948,highs,1.2561178404844256e-11,0.47639639431894854,0.3925387158993255,0.5238322915655628,0.05099192321305044,4.412251796148897,76.20265366140885,748.9614234957634
902,8.37655793352019,0.005483123861226957,44,127,86,162efb6239f7acef947b,False,0.005578268672042853,highs,1.2393806136885139e-11,0.47964609003698283,0.39628095807695507,0.5294344677466051,0.05197547298118665,4.405450437330217,76.27824104841685,749.802312481193
903,8.382100066532992,0.005542133012799155,44,127,86,162efb6239f7acef947b,False,0.0056198112685232095,highs,1.2243435310942168e-11,0.48295767694449115,0.4001810295575067,0.5352611788229571,0.05301803741520897,4.398454970824016,76.35450326984656,750.6493461152697
904,8.387703545230357,0.005603478697356223,44,127,86,162efb6239f7acef947b,False,0.005664268117024653,highs,1.2108728467579816e-11,0.4863285030958616,0.40452248367463706,0.5413000518656808,0.05411799075569711,4.39126315865491,76.43147953388944,751.5030147317866
905,8.393370574421743,0.005667029191384287,44,127,86,162efb6239f7acef947b,False,0.005717358876580008,highs,1.1988418201607212e-11,0.4897560614533903,0.40897792822659357,0.5475392437648536,0.05527382210862487,4.383872562438938,76.50920680653178,752.363780533125
906,8.39910323344543,0.005732659023689024,44,127,86,162efb6239f7acef947b,False,0.005780142625516392,highs,1.1881312237534435e-11,0.4932379938570717,0.41354115179200257,0.5539674799846361,0.05648413455923285,4.376280535990471,76.58771990677945,753.23207867409
907,8.404903482678085,0.005800249232651211,44,127,86,162efb6239f7acef947b,False,0.005844868495383575,highs,1.1786297073852747e-11,0.49677209214889917,0.4182067019029497,0.5605740771807592,0.05774764254537998,4.368484217952143,76.66705160827517,754.1083184473964
908,8.410773170159077,0.005869687480990038,44,127,86,162efb6239f7acef947b,False,0.0059114221424817585,highs,1.1702339676214537e-11,0.5003562970859078,0.4229690606313246,0.5673489530459997,0.05906316807958864,4.360480524174168,76.7472327445562,754.9928845327634
909,8.416714038218354,0.005940868059276738,44,127,86,162efb6239f7acef947b,False,0.005979789546233455,highs,1.1628487273708729e-11,0.503988695566604,0.4278226439638456,0.5742826261977523,0.06042963626169236,4.352266139595909,76.82829231578316,755.886138279405
910,8.422727730022217,0.006013691803861576,44,127,86,162efb6239f7acef947b,False,0.006050508979187009,highs,1.1563865561431287e-11,0.5076675166005277,0.4327626336851891,0.5813662083474964,0.06184607040761798,4.343837509398529,76.91025759525047,756.7884189981798
911,8.428815795972413,0.006088065950200061,44,127,86,162efb6239f7acef947b,False,0.006124446355897314,highs,1.1507675687154137e-11,0.5113911263702352,0.4377845424478278,0.5885916934365409,0.06331158703057208,4.3351908292045165,76.99315423438495,757.7000452450172
912,8.434979699911255,0.006163903938833926,44,127,86,162efb6239f7acef947b,False,0.006199816585172435,highs,1.1459190387639365e-11,0.5151580226670096,0.44288420191078404,0.5959512893693504,0.06482539084146467,4.326322034097137,77.0770063652599,758.6213160816214
913,8.441220825098767,0.0062411251875076346,44,127,86,162efb6239f7acef947b,False,0.006276539476143936,highs,1.1417749590344402e-11,0.5189668289247918,0.44805774956196853,0.6034474077583145,0.06638676988343743,4.317226786221372,77.16183669991416,759.552512303006
914,8.447540479939484,0.006319654840718059,44,127,86,162efb6239f7acef947b,False,0.006354542270585365,highs,1.138275573472936e-11,0.5228162880297169,0.45330161471266983,0.611064227236086,0.06799509087601757,4.307900460706595,77.24766662597361,760.4938976243047
915,8.453939903444724,0.006399423505243362,44,127,86,162efb6239f7acef947b,False,0.006433757525516476,highs,1.13536690078685e-11,0.5267052560436345,0.4586125040484492,0.6187946005998862,0.06964979481497699,4.298338129619214,77.3345162982413,761.4457198215922
916,8.460420270423304,0.006480366978577123,44,127,86,162efb6239f7acef947b,False,0.006514122859834651,highs,1.1330002636647018e-11,0.5306326959483685,0.4639873870360329,0.6266328066452488,0.07135039285316823,4.288534543609412,77.42240472605343,762.4082118232997
917,8.466982696398789,0.006562425975484842,44,127,86,162efb6239f7acef947b,False,0.0065955806937841146,highs,1.131131833609493e-11,0.5345976714913521,0.4694234814157585,0.6345735688242611,0.07309646247192168,4.278484110857277,77.51134985630256,763.3815927502528
918,8.473628242255646,0.006645545856859059,44,127,86,162efb6239f7acef947b,False,0.006678077990513905,highs,1.1297221979236721e-11,0.5385993411925805,0.47491823895300095,0.6426120305750058,0.07488764394201293,4.268180872846618,77.60136865210933,764.3660689034868
919,8.480363175128192,0.006734932872541677,44,127,86,d730103f69220670f413,True,0.0073350721740350535,highs,1.7653256742951516e-11,0.5420637499966886,0.4797362911168431,0.649774628943814,0.07629754276732417,4.258466829937864,77.69433392885324,765.4189972407926
920,8.487189269827866,0.006826094699674101,45,123,90,93d71d55965de5bfa6af,True,0.01114377390148661,highs,1.1102230246251565e-16,0.5442192908558561,0.48606545335520673,0.6602546122702642,0.07601564867982213,4.250926225829835,77.79449449876958,766.6914886914644
921,8.494138681786511,0.006949411958645513,45,120,93,3fd1c34aa77fe89dc6d8,True,0.01422225311109792,highs,5.518330300419028e-12,0.546228385151388,0.4928411244845782,0.666268603582347,0.07406228886397924,4.245079807025644,77.90236632937801,768.1943659324854
922,8.501139665752794,0.007000983966282348,44,120,94,164d35be51dccb3a3e0e,True,0.01666434577062263,highs,2.2073321201676132e-11,0.5487341459331924,0.5063059455859982,0.6696267073987141,0.07061987687275269,4.240325192349335,78.01494940581628,769.8119946241395
923,8.508206829912202,0.007067164159405337,44,118,95,e168296c88bdd840be54,True,0.020626968608749505,highs,1.1102230246251565e-16,0.5517664888629252,0.5220738189758758,0.6849636663831544,0.06646020062322143,4.237169652524424,78.13583481188743,771.6929478401269
924,8.515326265490195,0.007119435577996214,45,122,91,68ea62cf5fc34c622e22,True,0.024404557887504598,highs,3.469446951953614e-18,0.5657250413850263,0.5408290531808282,0.7330621182656236,0.06307137958340056,4.235430064035024,78.2649240266004,773.8221100762262
925,8.522506176481407,0.0071799109912120684,46,116,97,1f5c6145b8c57db5c864,True,0.028947842224495715,highs,1.1102230246251565e-16,0.5847230999304066,0.577233867008865,0.7930262419916275,0.06250300334937245,4.235143738581572,78.40440330244331,776.2802419585403
926,8.529739886306038,0.007233709824626899,45,118,96,6a1e7076e38488e143af,True,0.03422517838064738,highs,7.687888654638453e-11,0.6089906049837539,0.6449944575971583,0.8661710056657717,0.0677976826789923,4.236000561118779,78.55583877658557,779.1215472331133
927,8.537044092173009,0.007304205866971003,45,116,96,041b050cbeef587dd3f9,True,0.04080586242902834,highs,1.1102230246251565e-16,0.6539482040157926,0.7271949931112458,0.9549529626690854,0.08352007262025346,4.238222345539278,78.72300703911264,782.455677297665
928,8.544753146957323,0.007709054784312386,46,117,95,13996eb69ae7443a5f3a,True,0.06408291901833302,highs,1.1102230246251565e-16,0.7104082095512387,0.8187636840748022,1.078086867240589,0.12392675881456847,4.250176749433006,78.93128657226569,786.7980186351463
929,8.554013547981523,0.009260401024199894,46,115,97,64162a13a88e2658533a,True,0.04837767214703868,highs,1.734723475976807e-18,0.704963680406501,0.8453329784441294,1.0259476293293477,0.1401817042963101,4.269997796441277,79.1552748486354,791.0255858213151
930,8.564186882536283,0.010173334554767877,47,118,94,00f041374ef046c4e582,True,0.03869755868273853,highs,2.220446049250313e-16,0.6995143341304577,0.8594242211190329,1.093280062980008,0.1613395789839648,4.286269141587383,79.37917483611717,794.9107185969842
931,8.575307447462592,0.011120564926310195,47,121,91,35b139a13bf6b8af168f,True,0.038078950711327546,highs,2.644812576682638e-11,0.6773443109163767,0.8495776951252739,1.1662607037861836,0.20044764106641996,4.304082708629922,79.61410712329182,798.7383286409273
932,8.586897444774584,0.011589997311993727,47,119,94,7dee0e86ac273f521636,True,0.025702612358191584,highs,5.551115123125783e-17,0.6736056554662293,0.8443189136195252,1.2037462411619375,0.23107279426855706,4.322122597995298,79.85683123550257,802.6323186506452
933,8.598766725962685,0.011869281188102931,47,120,92,672d21d0ed9484c8b051,True,0.019993840633340903,highs,2.7755575615628914e-17,0.671571052690044,0.8537615898281439,1.223450636678016,0.253776410640716,4.340362877075662,80.1026300534478,806.5153100630635
934,8.61076599521974,0.011999269257060519,47,124,89,d6b0e6b06d7326e13087,True,0.019391266752560237,highs,2.220446049250313e-16,0.6662596131550024,0.8562143610869482,1.229184848111624,0.2695342253974642,4.3586071940352555,80.34864949775371,810.3534443603644
935,8.622774155093332,0.012008159873593272,48,125,87,a89eb120c48003b8a32e,True,0.018873368012427446,highs,4.9431487641752016e-12,0.6583755944557008,0.8514096554181111,1.2239523144125668,0.278901122679487,4.376649024624542,80.59286254576953,814.1255786621148
936,8.634695723018536,0.011921567925211818,48,126,87,5e05c3b468f5cbd5af35,True,0.018361886310931094,highs,1.1102230246251565e-16,0.6485872728687644,0.8412053905220283,1.2104086562464345,0.2827531533410048,4.394305283124981,80.83367904185603,817.8144356452121
937,8.646457998735768,0.011762275717229542,48,124,88,92d973bf3714abe4f4fa,True,0.017878755763584626,highs,3.469446951953614e-18,0.6373888531165838,0.8270034878813448,1.1907603556835937,0.28220851089951043,4.411433058555703,81.06989637007108,821.4078565091187
938,8.658006051523953,0.01154805278818749,49,122,90,7a15db4afa786314e30c,True,0.017404245767695656,highs,1.1102230246251565e-16,0.6260102720407119,0.8098342651652579,1.1664320910498387,0.27827608974586465,4.427913485499705,81.30055912098186,824.8930992088306
939,8.669298607522682,0.011292555998728915,49,124,88,e9bb10e4137de13d6be1,True,0.01721271589920309,highs,1.1102230246251565e-16,0.6140981836637907,0.7905117096205345,1.1386603168392897,0.2717086271598994,4.443667978583144,81.52501724814506,828.2639736775442
940,8.680305426468193,0.011006818945501706,49,125,86,52f241867bba77a3aceb,True,0.017002996279868315,highs,1.3877787807814457e-17,0.6016056852682642,0.7696319989649847,1.1083886523309696,0.26322831446534156,4.458644520202718,81.7427915691202,831.5155920787853
941,8.691004665268256,0.01069923880005419,49,125,87,bbed427b404207aa8374,True,0.016744776131771735,highs,1.4576873213825187e-12,0.5887359927927666,0.7476671728320097,1.0763541330821744,0.2533831145372753,4.472812919309302,81.9535587930394,834.6452263734474
942,8.701381081489123,0.010376416220870155,49,126,86,8495080162495d208bbc,True,0.01645340741023535,highs,1.3626888128099667e-11,0.5756519508893372,0.7254056682291447,1.043212605474161,0.24263188981301867,4.4861589629745655,82.15710754951172,837.6514932990038
943,8.711424685199542,0.010043603710421678,49,126,85,23fb301bca68576cd413,True,0.016137937004819122,highs,8.399497249348007e-11,0.562573542189247,0.7027903730256335,1.0093701589199777,0.23133528711469953,4.498681372822963,82.35331749472782,840.5341143883004
944,8.721129559857967,0.00970487465842318,49,127,84,27acdb54de76b55f1501,True,0.015805192984068822,highs,8.124778287254493e-11,0.5531081824492345,0.6802763529247238,0.9751472686704754,0.21977427131613678,4.510388048195001,82.542137443787,843.293589168087
945,8.730493007107135,0.00936344724916971,49,127,84,27acdb54de76b55f1501,False,0.015461373337520408,highs,4.44115858565164e-11,0.5435443937894591,0.6580131941757773,0.9408193154547937,0.2081638007012931,4.521294105748289,82.72357162570836,845.9311081080104
946,8.73951478547204,0.009021778364900257,49,127,84,27acdb54de76b55f1501,False,0.015111104044739782,highs,2.184844393695466e-11,0.5339508075711884,0.6357771275077164,0.9065982659052305,0.19666699136680735,4.531419347463872,82.89766511200729,848.4483235301751
947,8.748196568091496,0.008681782619454737,49,127,84,59e48168435e390a0417,True,0.01475825280054182,highs,5.7892542893022665e-12,0.5243774447447653,0.613678655643153,0.8726476589234402,0.18540508759322877,4.540786842489915,83.06449469647549,850.8472524187213
948,8.756541494254796,0.008344926163305288,49,127,84,59e48168435e390a0417,False,0.014405564774240404,highs,5.532517846667765e-12,0.5148693419144195,0.5918021963285592,0.8430963313590344,0.17446574290574704,4.549421684629602,83.22416092861027,853.1301637726144
949,8.764553819912264,0.008012325657462682,49,127,84,cdcc0584af732eb2b79b,True,0.014070378116477768,highs,5.802233133614929e-12,0.5054572198460632,0.5701785200145754,0.8143292741446582,0.16393510585823007,4.557344179652993,83.37674326397503,855.2973935136332
950,8.77223886503564,0.007685045123372092,49,127,84,39569a917304f54efb39,True,0.013722748377940405,highs,2.1118047326416983e-12,0.49614486326390717,0.5488737792567944,0.7857313141566472,0.153758218589468,4.56458813497726,83.52240771488079,857.352615981602
951,8.779604550193014,0.007365685157372681,49,129,82,e467c193de21351c28cc,True,0.013258691531478316,highs,1.5871697910441262e-11,0.4872347798288467,0.5280714678458005,0.7564637560119484,0.14330657907301994,4.571153067521908,83.66133950631945,859.3011940884062
952,8.786673147845,0.007068597651990416,49,129,81,8d7504f1a7107b7af70b,True,0.012622926815481916,highs,6.938893903907228e-18,0.48266915713877295,0.5082756465321222,0.7264968387964578,0.13221439672614535,4.577031073125648,83.79410551930195,861.1617861579311
953,8.793481077273677,0.006807929428674697,49,129,82,07f74d0ec1ab6c49a961,True,0.012164700186170434,highs,6.96073315232292e-12,0.47845971295574863,0.48989039284963576,0.7001923357412454,0.12189421242116455,4.582156040858908,83.92117546035743,862.9405610670827
954,8.800069018478922,0.00658794120524675,49,129,82,07f74d0ec1ab6c49a961,False,0.011839900977164385,highs,6.967942873215331e-12,0.47477855304813377,0.4731966644417163,0.6771618568516042,0.11280999500129547,4.586498757570235,84.0431570560975,864.6457194808438
955,8.806479698377006,0.006410679898086968,49,129,82,07f74d0ec1ab6c49a961,False,0.01163180937145018,highs,4.4044572649856725e-12,0.4717056130931582,0.4593563258058071,0.6580651958487558,0.10508946552260462,4.590038748637763,84.16071605374634,866.2862812297031
956,8.812757206254174,0.006277507877166855,49,129,82,07f74d0ec1ab6c49a961,False,0.011534520832725235,highs,2.574560160995083e-12,0.46929907210071214,0.4490298729099105,0.6429191788942943,0.09873339715709484,4.592750207972269,84.27454827022218,867.8716796143242
957,8.818946365366704,0.006189159112533815,49,129,82,07f74d0ec1ab6c49a961,False,0.011547019114832507,highs,1.6072930672418798e-12,0.4675810973526565,0.44101838219969025,0.6318572306902157,0.09369228426315451,4.594593380123919,84.38536123267014,869.411496612689
958,8.825092314667623,0.006145949300915277,49,129,82,07f74d0ec1ab6c49a961,False,0.011670336993535795,highs,1.2460287781184174e-12,0.4665281809607097,0.43757400988615797,0.6249358064442252,0.08990190460692216,4.595506426936789,84.49386238580666,870.9152917444014
959,8.83124029501054,0.006147980342918302,49,129,82,07f74d0ec1ab6c49a961,False,0.01190643162270195,highs,1.1883335334399933e-12,0.4677979016364553,0.4383705130583538,0.6225219177624532,0.08730182395283895,4.595394537262957,84.6007520266788,872.3924975895688
960,8.83743560166645,0.006195306655909505,49,129,81,8d7504f1a7107b7af70b,True,0.012257839934249799,highs,1.2515227436092566e-12,0.47040534869014905,0.4421989160455383,0.6267341854080959,0.08584573195263925,4.5941110801733185,84.70671974932488,873.8523646226447
961,8.843727801185565,0.006292199519117858,49,126,85,2aa814814d1cc5019632,True,0.01341701426881517,highs,5.174417922216298e-13,0.4738222277349399,0.448586165555724,0.6331491113002046,0.08440287300290424,4.592197539241171,84.8145724626763,875.3923112195333
962,8.850149112910943,0.006421311725375745,49,126,84,38818b1d231dcc04f27d,True,0.012158092036630257,highs,5.322341100870239e-12,0.4706341637921355,0.4366806882480636,0.6246140229742392,0.07714428036050919,4.588906505092284,84.9202660016073,876.8555076406653
963,8.856652432895498,0.0065033199845547784,49,126,84,38818b1d231dcc04f27d,False,0.01099032303515591,highs,1.1102230246251565e-16,0.4694738923517146,0.43222933924054696,0.6258936909921415,0.07419050557390458,4.584925798167708,85.02644286945544,878.3194999777209
964,8.863263920358508,0.006611487463008103,49,126,85,36ebbd0d360abd5081ed,True,0.010329282222155452,highs,2.231463814546753e-12,0.4683541685144089,0.438457106373018,0.6311439125180776,0.07335394333464725,4.580101888142409,85.13221650104317,879.7293939904457
965,8.870012912959439,0.0067489926009294265,49,126,84,39e2d94774ee4d34b134,True,0.009667441159528143,highs,5.5347095642278915e-12,0.46883322835452196,0.44685290903589203,0.6449465389119229,0.07502150531774103,4.575210807950535,85.24019762973305,881.1547726812208
966,8.876889698671892,0.00687678571245165,49,126,84,39e2d94774ee4d34b134,False,0.009222775798306819,highs,2.4871518888253326e-13,0.469698124599577,0.4546753019754462,0.6571854668260311,0.07701038647726921,4.570337414914558,85.35043923577231,882.6057259473772
967,8.883871087262781,0.0069813885908853734,49,126,84,39e2d94774ee4d34b134,False,0.009059140164030558,highs,1.1671659364801172e-12,0.4745156302766949,0.46125456727507264,0.6671529987330528,0.07868870159080826,4.565404231757743,85.46229763605876,884.07102361827
968,8.890935000633274,0.007063913370492614,49,126,84,39e2d94774ee4d34b134,False,0.008815184717244906,highs,1.0309098809500439e-12,0.47876520680265466,0.4666789731498895,0.674909197055432,0.08006044021903277,4.560432191560107,85.57544844364118,885.5480820196801
969,8.898060139798462,0.007125139165189864,49,126,84,39e2d94774ee4d34b134,False,0.008578721363350854,highs,1.678713178128559e-12,0.4824484160974785,0.4710314898381221,0.6806709292447866,0.08105204394048023,4.555410719606057,85.68950122864956,887.032022945888
970,8.905227496170665,0.007167356372201894,49,126,84,39e2d94774ee4d34b134,False,0.0083398711763149,highs,1.6224356765307442e-12,0.48563435331833593,0.4743917828753906,0.6845595962663242,0.08167124060931584,4.5503291175859655,85.80411167671807,888.5186020233435
971,8.912420729277615,0.007193233106951524,49,126,84,39e2d94774ee4d34b134,False,0.008104723804886261,highs,1.643757609433631e-12,0.48839774181279366,0.47690379844668923,0.6868632680201228,0.08195348640965482,4.545175110666454,85.9189799669999,890.0040686031754
972,8.919626258127654,0.0072055288500401105,49,126,84,39e2d94774ee4d34b134,False,0.00793637563631005,highs,1.66593548468822e-12,0.4908093429130934,0.4787120187833464,0.6881630682808586,0.08195012302302855,4.539936639006282,86.03385520396463,891.48526901772
973,8.926833157445596,0.007206899317948157,49,126,84,39e2d94774ee4d34b134,False,0.007926861145451998,highs,1.5877676881596463e-12,0.4929398420283884,0.479956042340132,0.6886493120893087,0.08171824000811088,4.534602829124475,86.1485350947712,892.9596710666088
974,8.93403294148426,0.007199784038663282,49,126,84,39e2d94774ee4d34b134,False,0.007898211553063547,highs,1.5254942393024821e-12,0.4948434670434665,0.4807576270261927,0.6882869441333164,0.08131408590130376,4.529164351177124,86.26286260515346,894.4253323544212
975,8.941219297341792,0.0071863558575344655,49,126,84,39e2d94774ee4d34b134,False,0.00785484464037263,highs,1.4830334513444375e-12,0.4965688506823158,0.4812262846158475,0.6872870687482571,0.0807894065141016,4.52361351552171,86.3767213989384,895.8808476111119
976,8.948387803363259,0.007168506021470122,49,126,84,39e2d94774ee4d34b134,False,0.007801747079800881,highs,1.4529050269998267e-12,0.49816022774606716,0.48145761337125653,0.6858410208906658,0.08018961851318421,4.517944192347419,86.49003075015405,897.325284581409
977,8.955535654380155,0.00714785101689408,49,126,84,39e2d94774ee4d34b134,False,0.007762458882535679,highs,1.4285905519553443e-12,0.4996554870446098,0.48153324366141204,0.6841313763048744,0.07955320012701485,4.512151644826895,86.60274045312956,898.7581175272485
978,8.96266140573631,0.007125751356156229,49,126,84,39e2d94774ee4d34b134,False,0.007716567849393105,highs,1.4079510056132214e-12,0.5010867668003046,0.4815224779865668,0.6822496177616213,0.07891181924844154,4.506232326005046,86.71482601171552,900.179163120855
979,8.969764741907753,0.007103336171443431,49,126,84,39e2d94774ee4d34b134,False,0.007665184129930166,highs,1.3906278707836513e-12,0.5024810887258191,0.48148200149810083,0.6803080387826779,0.07829087400815614,4.500183669796523,86.82628425280811,901.5885213165682
980,8.976846271731311,0.00708152982355692,49,126,84,39e2d94774ee4d34b134,False,0.007610325680895263,highs,1.3763986024301626e-12,0.5038609829426324,0.48145883569744374,0.6783988059677719,0.07771023103640677,4.494003893232215,86.93712942388399,902.9865223920474
981,8.983907349997903,0.007061078266591636,49,126,84,39e2d94774ee4d34b134,False,0.00755385168422254,highs,1.364837462602804e-12,0.5052450768144685,0.4814911279418987,0.6766430245662443,0.07718502551061489,4.487691818581478,87.04738978257714,904.3736804932768
982,8.990949923898045,0.007042573900141846,49,126,84,39e2d94774ee4d34b134,False,0.007497281568411018,highs,1.3554446178203554e-12,0.5066486340096625,0.48160942079827157,0.6751278506431286,0.07672644190673462,4.481246718754125,87.15710465683998,905.7506535223235
983,8.997976402165103,0.007026478267057712,49,126,84,39e2d94774ee4d34b134,False,0.007441842146528607,highs,1.3477928128874136e-12,0.5080840384108298,0.4818377584568879,0.6742305015851409,0.07634243111136593,4.47466818627773,87.26632193865296,907.1182089358329
984,9.004989544507735,0.007013142342636058,49,126,84,39e2d94774ee4d34b134,False,0.007388510457793633,highs,1.3415803070160036e-12,0.5095612224935964,0.482194685623493,0.6735592764455975,0.07603834333748274,4.467956024418293,87.37509596736332,908.4771948924317
985,9.011992368902215,0.0070028243944761925,49,126,84,39e2d94774ee4d34b134,False,0.0073380521091784,highs,1.3366178119192586e-12,0.51108804267507,0.48269412498269226,0.6731401799257741,0.07581747103621325,4.461110158158398,87.48348575710861,909.8285161434716
986,9.018988074427046,0.006995705524834861,49,126,84,39e2d94774ee4d34b134,False,0.007291054896355653,highs,1.3327930966959193e-12,0.5126706056537385,0.4833461402084624,0.6729919763522381,0.07568150462936081,4.454130562429623,87.59155352421872,911.1731140685846
987,9.025979977504969,0.006991903077919304,49,126,84,39e2d94774ee4d34b134,False,0.007247958043905579,highs,1.33003813070032e-12,0.5143135504343452,0.4841575942523685,0.6731274268823256,0.07563090849981735,4.4470172049937915,87.69936347357911,912.5119502928019
988,9.03297145962895,0.006991482123986259,49,126,84,39e2d94774ee4d34b134,False,0.0072090774088381555,highs,1.3283065986637948e-12,0.5160202908852092,0.4851327137192856,0.6735543499418231,0.07566522673519564,4.439770001538362,87.80698080680915,913.8459933713905
989,9.039965924868463,0.006994465239513303,49,126,84,39e2d94774ee4d34b134,False,0.007174627057947169,highs,1.3275611264300825e-12,0.5177932618368388,0.4862735702127273,0.6742765263531184,0.07578332862126054,4.432388780804992,87.91447091922021,915.1762080833578
990,9.046966765662887,0.007000840794429308,49,126,84,39e2d94774ee4d34b134,False,0.0071447376392114945,highs,1.3277670913387457e-12,0.5196339890695838,0.4875804890296008,0.6752944678695486,0.07598360348805551,4.424873257853031,88.02189875655753,916.5035469296147
991,9.053977335606191,0.007010569943300737,49,126,84,39e2d94774ee4d34b134,False,0.007119676178262495,highs,1.3288901336219298e-12,0.5215433327646601,0.4890524410297138,0.6766060668847693,0.07626411365021712,4.417223013838943,88.12932830632145,917.8289434841058
992,9.06100092810449,0.00702359249829243,49,126,84,39e2d94774ee4d34b134,False,0.00711394022665663,highs,1.330895446196244e-12,0.523521599801043,0.4906884689026179,0.6782071477093308,0.07662271312277662,4.409437480952544,88.23682220192092,919.1533072943103
993,9.068040759947307,0.007039831842819311,49,126,84,39e2d94774ee4d34b134,False,0.00711182919754111,highs,1.3337477800523267e-12,0.5255686448701702,0.4924842196107223,0.6800919157754797,0.0770571386936194,4.401515931381964,88.34444142100538,920.4775200707467
994,9.075099958972805,0.00705919902550356,49,126,84,39e2d94774ee4d34b134,False,0.007113321249697132,highs,1.3374116640107987e-12,0.5276839621348544,0.4944359839953177,0.6822533443093918,0.0775650788865725,4.393457469380084,88.45224506204862,921.8024329433586
995,9.082181555129003,0.007081596156197634,49,126,84,39e2d94774ee4d34b134,False,0.007119723323796163,highs,1.3418516426167633e-12,0.5298667624207642,0.49653956241866437,0.6846834985682286,0.07814422539997858,4.385261025675768,88.56029018563916,923.1288645961029
996,9.089288474338582,0.0071069192095780664,49,126,84,39e2d94774ee4d34b134,False,0.007143649089550743,highs,1.3470324767564687e-12,0.5321160380354109,0.49879040602895924,0.6873737968201008,0.07879231077427289,4.376925353615871,88.66863170899732,924.4576001200944
997,9.096423984536633,0.007135510198047257,48,124,86,c1c503ca62012a6c7916,True,0.007185907350469985,highs,2.751264602202468e-11,0.5344332996240987,0.5011970672777506,0.6903182567655639,0.07950444091421019,4.368469823824395,88.77739497398936,925.7928580780633
998,9.10359001037315,0.007166025836518486,48,122,88,20e98d2f02c3534ac523,True,0.007224193264396538,highs,1.1102230246251565e-16,0.5367995872538311,0.5037132468681065,0.6934307671222439,0.08026553879505227,4.359885404794864,88.88659774278935,927.1343030067685
999,9.11078791296336,0.0071979025902138005,48,124,87,b8e466dfeaf7e98c2cba,True,0.00726112162586902,highs,1.1102230246251565e-16,0.5392629309538159,0.5063433624190427,0.6967499094277861,0.08107746657106657,4.351149453068718,88.99621650206444,928.4803952871441
1000,9.118020347557124,0.0072324345937602175,48,125,86,b621ce8633d81dcfe709,True,0.007301458646960583,highs,1.8441456268786178e-11,0.5417933689940665,0.5091176557230983,0.7002969851658309,0.08195235204395246,4.342261468642309,89.10630605562591,929.8320427509896
